mpg,cylinders,displacement,horsepower,weight,acceleration,model_year,origin
18.0,8,307.0,130.0,3504.0,12.0,70,1
15.0,8,350.0,165.0,3693.0,11.5,70,1
18.0,8,318.0,150.0,3436.0,11.0,70,1
16.0,8,304.0,150.0,3433.0,12.0,70,1
17.0,8,302.0,140.0,3449.0,10.5,70,1
15.0,8,429.0,198.0,4341.0,10.0,70,1
14.0,8,454.0,220.0,4354.0,9.0,70,1
14.0,8,440.0,215.0,4312.0,8.5,70,1
14.0,8,455.0,225.0,4425.0,10.0,70,1
15.0,8,390.0,190.0,3850.0,8.5,70,1
15.0,8,383.0,170.0,3563.0,10.0,70,1
14.0,8,340.0,160.0,3609.0,8.0,70,1
15.0,8,400.0,150.0,3761.0,9.5,70,1
14.0,8,455.0,225.0,3086.0,10.0,70,1
24.0,4,113.0,95.0,2372.0,15.0,70,3
22.0,6,198.0,95.0,2833.0,15.5,70,1
18.0,6,199.0,97.0,2774.0,15.5,70,1
21.0,6,200.0,85.0,2587.0,16.0,70,1
27.0,4,97.0,88.0,2130.0,14.5,70,3
26.0,4,97.0,46.0,1835.0,20.5,70,2
25.0,4,110.0,87.0,2672.0,17.5,70,2
24.0,4,107.0,90.0,2430.0,14.5,70,2
25.0,4,104.0,95.0,2375.0,17.5,70,2
26.0,4,121.0,113.0,2234.0,12.5,70,2
21.0,6,199.0,90.0,2648.0,15.0,70,1
10.0,8,360.0,215.0,4615.0,14.0,70,1
10.0,8,307.0,200.0,4376.0,15.0,70,1
11.0,8,318.0,210.0,4382.0,13.5,70,1
9.0,8,304.0,193.0,4732.0,18.5,70,1
27.0,4,97.0,88.0,2130.0,14.5,71,3
28.0,4,140.0,90.0,2264.0,15.5,71,1
25.0,4,113.0,95.0,2228.0,14.0,71,3
25.0,4,98.0,93.5,2046.0,19.0,71,1
19.0,6,232.0,100.0,2634.0,13.0,71,1
16.0,6,225.0,105.0,3439.0,15.5,71,1
17.0,6,250.0,100.0,3329.0,15.5,71,1
19.0,6,250.0,88.0,3302.0,15.5,71,1
18.0,6,232.0,100.0,3288.0,15.5,71,1
14.0,8,350.0,165.0,4209.0,12.0,71,1
14.0,8,400.0,175.0,4464.0,11.5,71,1
14.0,8,351.0,153.0,4154.0,13.5,71,1
14.0,8,318.0,150.0,4096.0,13.0,71,1
12.0,8,383.0,180.0,4955.0,11.5,71,1
13.0,8,400.0,170.0,4746.0,12.0,71,1
13.0,8,400.0,175.0,5140.0,12.0,71,1
18.0,6,258.0,110.0,2962.0,13.5,71,1
22.0,4,140.0,72.0,2408.0,19.0,71,1
19.0,6,250.0,100.0,3282.0,15.0,71,1
18.0,6,250.0,88.0,3139.0,14.5,71,1
23.0,4,122.0,86.0,2220.0,14.0,71,1
28.0,4,116.0,90.0,2123.0,14.0,71,2
30.0,4,79.0,70.0,2074.0,19.5,71,2
30.0,4,88.0,76.0,2065.0,14.5,71,2
31.0,4,71.0,65.0,1773.0,19.0,71,3
35.0,4,72.0,69.0,1613.0,18.0,71,3
27.0,4,97.0,60.0,1834.0,19.0,71,2
26.0,4,91.0,70.0,1955.0,20.5,71,1
24.0,4,113.0,95.0,2278.0,15.5,72,3
25.0,4,97.5,80.0,2126.0,17.0,72,1
23.0,4,97.0,54.0,2254.0,23.5,72,2
20.0,4,140.0,90.0,2408.0,19.5,72,1
21.0,4,122.0,86.0,2226.0,16.5,72,1
13.0,8,350.0,165.0,4274.0,12.0,72,1
14.0,8,400.0,175.0,4385.0,12.0,72,1
15.0,8,318.0,150.0,4135.0,13.5,72,1
14.0,8,351.0,153.0,4129.0,13.0,72,1
17.0,8,304.0,150.0,3672.0,11.5,72,1
11.0,8,429.0,208.0,4633.0,11.0,72,1
13.0,8,350.0,155.0,4502.0,13.5,72,1
12.0,8,350.0,160.0,4456.0,13.5,72,1
13.0,8,400.0,190.0,4422.0,12.5,72,1
19.0,3,70.0,97.0,2330.0,13.5,72,3
15.0,8,304.0,150.0,3892.0,12.5,72,1
13.0,8,307.0,130.0,4098.0,14.0,72,1
13.0,8,302.0,140.0,4294.0,16.0,72,1
14.0,8,318.0,150.0,4077.0,14.0,72,1
18.0,4,121.0,112.0,2933.0,14.5,72,2
22.0,4,121.0,76.0,2511.0,18.0,72,2
21.0,4,120.0,87.0,2979.0,19.5,72,2
26.0,4,96.0,69.0,2189.0,18.0,72,2
22.0,4,122.0,86.0,2395.0,16.0,72,1
28.0,4,97.0,92.0,2288.0,17.0,72,3
23.0,4,120.0,97.0,2506.0,14.5,72,3
28.0,4,98.0,80.0,2164.0,15.0,72,1
27.0,4,97.0,88.0,2100.0,16.5,72,3
13.0,8,350.0,175.0,4100.0,13.0,73,1
14.0,8,304.0,150.0,3672.0,11.5,73,1
13.0,8,350.0,145.0,3988.0,13.0,73,1
14.0,8,302.0,137.0,4042.0,14.5,73,1
15.0,8,318.0,150.0,3777.0,12.5,73,1
12.0,8,429.0,198.0,4952.0,11.5,73,1
13.0,8,400.0,150.0,4464.0,12.0,73,1
13.0,8,351.0,158.0,4363.0,13.0,73,1
14.0,8,318.0,150.0,4237.0,14.5,73,1
13.0,8,440.0,215.0,4735.0,11.0,73,1
12.0,8,455.0,225.0,4951.0,11.0,73,1
13.0,8,360.0,175.0,3821.0,11.0,73,1
18.0,6,225.0,105.0,3121.0,16.5,73,1
16.0,6,250.0,100.0,3278.0,18.0,73,1
18.0,6,232.0,100.0,2945.0,16.0,73,1
18.0,6,250.0,88.0,3021.0,16.5,73,1
23.0,6,198.0,95.0,2904.0,16.0,73,1
26.0,4,97.0,46.0,1950.0,21.0,73,2
11.0,8,400.0,150.0,4997.0,14.0,73,1
12.0,8,400.0,167.0,4906.0,12.5,73,1
13.0,8,360.0,170.0,4654.0,13.0,73,1
12.0,8,350.0,180.0,4499.0,12.5,73,1
18.0,6,232.0,100.0,2789.0,15.0,73,1
20.0,4,97.0,88.0,2279.0,19.0,73,3
21.0,4,140.0,72.0,2401.0,19.5,73,1
22.0,4,108.0,94.0,2379.0,16.5,73,3
18.0,3,70.0,90.0,2124.0,13.5,73,3
19.0,4,122.0,85.0,2310.0,18.5,73,1
21.0,6,155.0,107.0,2472.0,14.0,73,1
26.0,4,98.0,90.0,2265.0,15.5,73,2
15.0,8,350.0,145.0,4082.0,13.0,73,1
16.0,8,400.0,230.0,4278.0,9.5,73,1
29.0,4,68.0,49.0,1867.0,19.5,73,2
24.0,4,116.0,75.0,2158.0,15.5,73,2
20.0,4,114.0,91.0,2582.0,14.0,73,2
19.0,4,121.0,112.0,2868.0,15.5,73,2
15.0,8,318.0,150.0,3399.0,11.0,73,1
24.0,4,121.0,110.0,2660.0,14.0,73,2
20.0,6,156.0,122.0,2807.0,13.5,73,3
11.0,8,350.0,180.0,3664.0,11.0,73,1
20.0,6,198.0,95.0,3102.0,16.5,74,1
21.0,6,200.0,93.5,2875.0,17.0,74,1
19.0,6,232.0,100.0,2901.0,16.0,74,1
15.0,6,250.0,100.0,3336.0,17.0,74,1
31.0,4,79.0,67.0,1950.0,19.0,74,3
26.0,4,122.0,80.0,2451.0,16.5,74,1
32.0,4,71.0,65.0,1836.0,21.0,74,3
25.0,4,140.0,75.0,2542.0,17.0,74,1
16.0,6,250.0,100.0,3781.0,17.0,74,1
16.0,6,258.0,110.0,3632.0,18.0,74,1
18.0,6,225.0,105.0,3613.0,16.5,74,1
16.0,8,302.0,140.0,4141.0,14.0,74,1
13.0,8,350.0,150.0,4699.0,14.5,74,1
14.0,8,318.0,150.0,4457.0,13.5,74,1
14.0,8,302.0,140.0,4638.0,16.0,74,1
14.0,8,304.0,150.0,4257.0,15.5,74,1
29.0,4,98.0,83.0,2219.0,16.5,74,2
26.0,4,79.0,67.0,1963.0,15.5,74,2
26.0,4,97.0,78.0,2300.0,14.5,74,2
31.0,4,76.0,52.0,1649.0,16.5,74,3
32.0,4,83.0,61.0,2003.0,19.0,74,3
28.0,4,90.0,75.0,2125.0,14.5,74,1
24.0,4,90.0,75.0,2108.0,15.5,74,2
26.0,4,116.0,75.0,2246.0,14.0,74,2
24.0,4,120.0,97.0,2489.0,15.0,74,3
26.0,4,108.0,93.0,2391.0,15.5,74,3
31.0,4,79.0,67.0,2000.0,16.0,74,2
19.0,6,225.0,95.0,3264.0,16.0,75,1
18.0,6,250.0,105.0,3459.0,16.0,75,1
15.0,6,250.0,72.0,3432.0,21.0,75,1
15.0,6,250.0,72.0,3158.0,19.5,75,1
16.0,8,400.0,170.0,4668.0,11.5,75,1
15.0,8,350.0,145.0,4440.0,14.0,75,1
16.0,8,318.0,150.0,4498.0,14.5,75,1
14.0,8,351.0,148.0,4657.0,13.5,75,1
17.0,6,231.0,110.0,3907.0,21.0,75,1
16.0,6,250.0,105.0,3897.0,18.5,75,1
15.0,6,258.0,110.0,3730.0,19.0,75,1
18.0,6,225.0,95.0,3785.0,19.0,75,1
21.0,6,231.0,110.0,3039.0,15.0,75,1
20.0,8,262.0,110.0,3221.0,13.5,75,1
13.0,8,302.0,129.0,3169.0,12.0,75,1
29.0,4,97.0,75.0,2171.0,16.0,75,3
23.0,4,140.0,83.0,2639.0,17.0,75,1
20.0,6,232.0,100.0,2914.0,16.0,75,1
23.0,4,140.0,78.0,2592.0,18.5,75,1
24.0,4,134.0,96.0,2702.0,13.5,75,3
25.0,4,90.0,71.0,2223.0,16.5,75,2
24.0,4,119.0,97.0,2545.0,17.0,75,3
18.0,6,171.0,97.0,2984.0,14.5,75,1
29.0,4,90.0,70.0,1937.0,14.0,75,2
19.0,6,232.0,90.0,3211.0,17.0,75,1
23.0,4,115.0,95.0,2694.0,15.0,75,2
23.0,4,120.0,88.0,2957.0,17.0,75,2
22.0,4,121.0,98.0,2945.0,14.5,75,2
25.0,4,121.0,115.0,2671.0,13.5,75,2
33.0,4,91.0,53.0,1795.0,17.5,75,3
28.0,4,107.0,86.0,2464.0,15.5,76,2
25.0,4,116.0,81.0,2220.0,16.9,76,2
25.0,4,140.0,92.0,2572.0,14.9,76,1
26.0,4,98.0,79.0,2255.0,17.7,76,1
27.0,4,101.0,83.0,2202.0,15.3,76,2
17.5,8,305.0,140.0,4215.0,13.0,76,1
16.0,8,318.0,150.0,4190.0,13.0,76,1
15.5,8,304.0,120.0,3962.0,13.9,76,1
14.5,8,351.0,152.0,4215.0,12.8,76,1
22.0,6,225.0,100.0,3233.0,15.4,76,1
22.0,6,250.0,105.0,3353.0,14.5,76,1
24.0,6,200.0,81.0,3012.0,17.6,76,1
22.5,6,232.0,90.0,3085.0,17.6,76,1
29.0,4,85.0,52.0,2035.0,22.2,76,1
24.5,4,98.0,60.0,2164.0,22.1,76,1
29.0,4,90.0,70.0,1937.0,14.2,76,2
33.0,4,91.0,53.0,1795.0,17.4,76,3
20.0,6,225.0,100.0,3651.0,17.7,76,1
18.0,6,250.0,78.0,3574.0,21.0,76,1
18.5,6,250.0,110.0,3645.0,16.2,76,1
17.5,6,258.0,95.0,3193.0,17.8,76,1
29.5,4,97.0,71.0,1825.0,12.2,76,2
32.0,4,85.0,70.0,1990.0,17.0,76,3
28.0,4,97.0,75.0,2155.0,16.4,76,3
26.5,4,140.0,72.0,2565.0,13.6,76,1
20.0,4,130.0,102.0,3150.0,15.7,76,2
13.0,8,318.0,150.0,3940.0,13.2,76,1
19.0,4,120.0,88.0,3270.0,21.9,76,2
19.0,6,156.0,108.0,2930.0,15.5,76,3
16.5,6,168.0,120.0,3820.0,16.7,76,2
16.5,8,350.0,180.0,4380.0,12.1,76,1
13.0,8,350.0,145.0,4055.0,12.0,76,1
13.0,8,302.0,130.0,3870.0,15.0,76,1
13.0,8,318.0,150.0,3755.0,14.0,76,1
31.5,4,98.0,68.0,2045.0,18.5,77,3
30.0,4,111.0,80.0,2155.0,14.8,77,1
36.0,4,79.0,58.0,1825.0,18.6,77,2
25.5,4,122.0,96.0,2300.0,15.5,77,1
33.5,4,85.0,70.0,1945.0,16.8,77,3
17.5,8,305.0,145.0,3880.0,12.5,77,1
17.0,8,260.0,110.0,4060.0,19.0,77,1
15.5,8,318.0,145.0,4140.0,13.7,77,1
15.0,8,302.0,130.0,4295.0,14.9,77,1
17.5,6,250.0,110.0,3520.0,16.4,77,1
20.5,6,231.0,105.0,3425.0,16.9,77,1
19.0,6,225.0,100.0,3630.0,17.7,77,1
18.5,6,250.0,98.0,3525.0,19.0,77,1
16.0,8,400.0,180.0,4220.0,11.1,77,1
15.5,8,350.0,170.0,4165.0,11.4,77,1
15.5,8,400.0,190.0,4325.0,12.2,77,1
16.0,8,351.0,149.0,4335.0,14.5,77,1
29.0,4,97.0,78.0,1940.0,14.5,77,2
24.5,4,151.0,88.0,2740.0,16.0,77,1
26.0,4,97.0,75.0,2265.0,18.2,77,3
25.5,4,140.0,89.0,2755.0,15.8,77,1
30.5,4,98.0,63.0,2051.0,17.0,77,1
33.5,4,98.0,83.0,2075.0,15.9,77,1
30.0,4,97.0,67.0,1985.0,16.4,77,3
30.5,4,97.0,78.0,2190.0,14.1,77,2
22.0,6,146.0,97.0,2815.0,14.5,77,3
21.5,4,121.0,110.0,2600.0,12.8,77,2
21.5,3,80.0,110.0,2720.0,13.5,77,3
43.1,4,90.0,48.0,1985.0,21.5,78,2
36.1,4,98.0,66.0,1800.0,14.4,78,1
32.8,4,78.0,52.0,1985.0,19.4,78,3
39.4,4,85.0,70.0,2070.0,18.6,78,3
36.1,4,91.0,60.0,1800.0,16.4,78,3
19.9,8,260.0,110.0,3365.0,15.5,78,1
19.4,8,318.0,140.0,3735.0,13.2,78,1
20.2,8,302.0,139.0,3570.0,12.8,78,1
19.2,6,231.0,105.0,3535.0,19.2,78,1
20.5,6,200.0,95.0,3155.0,18.2,78,1
20.2,6,200.0,85.0,2965.0,15.8,78,1
25.1,4,140.0,88.0,2720.0,15.4,78,1
20.5,6,225.0,100.0,3430.0,17.2,78,1
19.4,6,232.0,90.0,3210.0,17.2,78,1
20.6,6,231.0,105.0,3380.0,15.8,78,1
20.8,6,200.0,85.0,3070.0,16.7,78,1
18.6,6,225.0,110.0,3620.0,18.7,78,1
18.1,6,258.0,120.0,3410.0,15.1,78,1
19.2,8,305.0,145.0,3425.0,13.2,78,1
17.7,6,231.0,165.0,3445.0,13.4,78,1
18.1,8,302.0,139.0,3205.0,11.2,78,1
17.5,8,318.0,140.0,4080.0,13.7,78,1
30.0,4,98.0,68.0,2155.0,16.5,78,1
27.5,4,134.0,95.0,2560.0,14.2,78,3
27.2,4,119.0,97.0,2300.0,14.7,78,3
30.9,4,105.0,75.0,2230.0,14.5,78,1
21.1,4,134.0,95.0,2515.0,14.8,78,3
23.2,4,156.0,105.0,2745.0,16.7,78,1
23.8,4,151.0,85.0,2855.0,17.6,78,1
23.9,4,119.0,97.0,2405.0,14.9,78,3
20.3,5,131.0,103.0,2830.0,15.9,78,2
17.0,6,163.0,125.0,3140.0,13.6,78,2
21.6,4,121.0,115.0,2795.0,15.7,78,2
16.2,6,163.0,133.0,3410.0,15.8,78,2
31.5,4,89.0,71.0,1990.0,14.9,78,2
29.5,4,98.0,68.0,2135.0,16.6,78,3
21.5,6,231.0,115.0,3245.0,15.4,79,1
19.8,6,200.0,85.0,2990.0,18.2,79,1
22.3,4,140.0,88.0,2890.0,17.3,79,1
20.2,6,232.0,90.0,3265.0,18.2,79,1
20.6,6,225.0,110.0,3360.0,16.6,79,1
17.0,8,305.0,130.0,3840.0,15.4,79,1
17.6,8,302.0,129.0,3725.0,13.4,79,1
16.5,8,351.0,138.0,3955.0,13.2,79,1
18.2,8,318.0,135.0,3830.0,15.2,79,1
16.9,8,350.0,155.0,4360.0,14.9,79,1
15.5,8,351.0,142.0,4054.0,14.3,79,1
19.2,8,267.0,125.0,3605.0,15.0,79,1
18.5,8,360.0,150.0,3940.0,13.0,79,1
31.9,4,89.0,71.0,1925.0,14.0,79,2
34.1,4,86.0,65.0,1975.0,15.2,79,3
35.7,4,98.0,80.0,1915.0,14.4,79,1
27.4,4,121.0,80.0,2670.0,15.0,79,1
25.4,5,183.0,77.0,3530.0,20.1,79,2
23.0,8,350.0,125.0,3900.0,17.4,79,1
27.2,4,141.0,71.0,3190.0,24.8,79,2
23.9,8,260.0,90.0,3420.0,22.2,79,1
34.2,4,105.0,70.0,2200.0,13.2,79,1
34.5,4,105.0,70.0,2150.0,14.9,79,1
31.8,4,85.0,65.0,2020.0,19.2,79,3
37.3,4,91.0,69.0,2130.0,14.7,79,2
28.4,4,151.0,90.0,2670.0,16.0,79,1
28.8,6,173.0,115.0,2595.0,11.3,79,1
26.8,6,173.0,115.0,2700.0,12.9,79,1
33.5,4,151.0,90.0,2556.0,13.2,79,1
41.5,4,98.0,76.0,2144.0,14.7,80,2
38.1,4,89.0,60.0,1968.0,18.8,80,3
32.1,4,98.0,70.0,2120.0,15.5,80,1
37.2,4,86.0,65.0,2019.0,16.4,80,3
28.0,4,151.0,90.0,2678.0,16.5,80,1
26.4,4,140.0,88.0,2870.0,18.1,80,1
24.3,4,151.0,90.0,3003.0,20.1,80,1
19.1,6,225.0,90.0,3381.0,18.7,80,1
34.3,4,97.0,78.0,2188.0,15.8,80,2
29.8,4,134.0,90.0,2711.0,15.5,80,3
31.3,4,120.0,75.0,2542.0,17.5,80,3
37.0,4,119.0,92.0,2434.0,15.0,80,3
32.2,4,108.0,75.0,2265.0,15.2,80,3
46.6,4,86.0,65.0,2110.0,17.9,80,3
27.9,4,156.0,105.0,2800.0,14.4,80,1
40.8,4,85.0,65.0,2110.0,19.2,80,3
44.3,4,90.0,48.0,2085.0,21.7,80,2
43.4,4,90.0,48.0,2335.0,23.7,80,2
36.4,5,121.0,67.0,2950.0,19.9,80,2
30.0,4,146.0,67.0,3250.0,21.8,80,2
44.6,4,91.0,67.0,1850.0,13.8,80,3
40.9,4,85.0,93.5,1835.0,17.3,80,2
33.8,4,97.0,67.0,2145.0,18.0,80,3
29.8,4,89.0,62.0,1845.0,15.3,80,2
32.7,6,168.0,132.0,2910.0,11.4,80,3
23.7,3,70.0,100.0,2420.0,12.5,80,3
35.0,4,122.0,88.0,2500.0,15.1,80,2
23.6,4,140.0,93.5,2905.0,14.3,80,1
32.4,4,107.0,72.0,2290.0,17.0,80,3
27.2,4,135.0,84.0,2490.0,15.7,81,1
26.6,4,151.0,84.0,2635.0,16.4,81,1
25.8,4,156.0,92.0,2620.0,14.4,81,1
23.5,6,173.0,110.0,2725.0,12.6,81,1
30.0,4,135.0,84.0,2385.0,12.9,81,1
39.1,4,79.0,58.0,1755.0,16.9,81,3
39.0,4,86.0,64.0,1875.0,16.4,81,1
35.1,4,81.0,60.0,1760.0,16.1,81,3
32.3,4,97.0,67.0,2065.0,17.8,81,3
37.0,4,85.0,65.0,1975.0,19.4,81,3
37.7,4,89.0,62.0,2050.0,17.3,81,3
34.1,4,91.0,68.0,1985.0,16.0,81,3
34.7,4,105.0,63.0,2215.0,14.9,81,1
34.4,4,98.0,65.0,2045.0,16.2,81,1
29.9,4,98.0,65.0,2380.0,20.7,81,1
33.0,4,105.0,74.0,2190.0,14.2,81,2
34.5,4,100.0,93.5,2320.0,15.8,81,2
33.7,4,107.0,75.0,2210.0,14.4,81,3
32.4,4,108.0,75.0,2350.0,16.8,81,3
32.9,4,119.0,100.0,2615.0,14.8,81,3
31.6,4,120.0,74.0,2635.0,18.3,81,3
28.1,4,141.0,80.0,3230.0,20.4,81,2
30.7,6,145.0,76.0,3160.0,19.6,81,2
25.4,6,168.0,116.0,2900.0,12.6,81,3
24.2,6,146.0,120.0,2930.0,13.8,81,3
22.4,6,231.0,110.0,3415.0,15.8,81,1
26.6,8,350.0,105.0,3725.0,19.0,81,1
20.2,6,200.0,88.0,3060.0,17.1,81,1
17.6,6,225.0,85.0,3465.0,16.6,81,1
28.0,4,112.0,88.0,2605.0,19.6,82,1
27.0,4,112.0,88.0,2640.0,18.6,82,1
34.0,4,112.0,88.0,2395.0,18.0,82,1
31.0,4,112.0,85.0,2575.0,16.2,82,1
29.0,4,135.0,84.0,2525.0,16.0,82,1
27.0,4,151.0,90.0,2735.0,18.0,82,1
24.0,4,140.0,92.0,2865.0,16.4,82,1
23.0,4,151.0,93.5,3035.0,20.5,82,1
36.0,4,105.0,74.0,1980.0,15.3,82,2
37.0,4,91.0,68.0,2025.0,18.2,82,3
31.0,4,91.0,68.0,1970.0,17.6,82,3
38.0,4,105.0,63.0,2125.0,14.7,82,1
36.0,4,98.0,70.0,2125.0,17.3,82,1
36.0,4,120.0,88.0,2160.0,14.5,82,3
36.0,4,107.0,75.0,2205.0,14.5,82,3
34.0,4,108.0,70.0,2245.0,16.9,82,3
38.0,4,91.0,67.0,1965.0,15.0,82,3
32.0,4,91.0,67.0,1965.0,15.7,82,3
38.0,4,91.0,67.0,1995.0,16.2,82,3
25.0,6,181.0,110.0,2945.0,16.4,82,1
38.0,6,262.0,85.0,3015.0,17.0,82,1
26.0,4,156.0,92.0,2585.0,14.5,82,1
22.0,6,232.0,112.0,2835.0,14.7,82,1
32.0,4,144.0,96.0,2665.0,13.9,82,3
36.0,4,135.0,84.0,2370.0,13.0,82,1
27.0,4,151.0,90.0,2950.0,17.3,82,1
27.0,4,140.0,86.0,2790.0,15.6,82,1
44.0,4,97.0,52.0,2130.0,24.6,82,2
32.0,4,135.0,84.0,2295.0,11.6,82,1
28.0,4,120.0,79.0,2625.0,18.6,82,1
31.0,4,119.0,82.0,2720.0,19.4,82,1
20.711145060243368,6,200.50666024520044,83.33339383348667,2655.937276925483,15.648389998274704,70,1
31.915322793461435,4,102.9868897639893,72.54808486124276,2467.9143947137463,16.056092425938548,81,3
31.57316926838005,4,91.00386422093081,72.46220843193323,1911.5511374656658,14.709000024853777,78,2
14.25540363774239,8,449.85560759076157,215.52218974508867,3235.8573474039504,10.660213645252384,70,1
21.599599953207257,4,143.24013668254722,75.16833612995903,2416.9780741582863,18.237960523070555,71,1
32.331716736129685,4,112.2429456421478,81.22724956273387,2605.1581554998716,15.98100036938412,82,1
18.309857085975192,6,221.02595723944472,105.76884825086489,3698.129664112484,16.58414537613597,74,1
17.71486312361758,8,256.89710283216675,101.2833708569272,4083.8490324066756,19.286844855496195,77,1
25.689168262359118,4,95.2365391679744,77.68728659608878,2279.162415837606,17.211580793435324,76,1
23.549533211580044,4,155.65480831527537,89.86681082717526,3057.7123693169733,19.952978261406656,80,1
36.98416143296856,4,107.06665885224915,69.59959686503554,1996.6273788504345,15.651534144906774,82,2
13.921176869806615,8,299.00037865896905,136.49412539569943,4599.724453096573,16.361719167515908,74,1
17.30904184751927,8,257.3259960066625,116.07254953527324,4035.1962390333983,17.941438102435207,77,1
35.16687001976667,4,104.06857574756158,80.7978933813525,1833.1898001369652,15.309235077909614,79,1
18.33806218597284,6,251.4931743262803,108.37066460855002,3570.277273729251,16.139085080673155,76,1
31.82948828757658,4,139.175851763094,93.33617486477141,2635.365446518167,14.856478198351835,82,3
11.415353604103815,8,344.81414365545675,188.2650137705361,4472.108729598953,12.883651041914495,73,1
30.39330852912026,4,98.16577538526957,75.5442303658942,2110.9540334043413,16.856764687747415,78,1
17.155501282412864,6,232.58819514116823,103.57988588447722,3324.2356026006005,15.913183122577793,71,1
23.762963807899563,4,115.97197171936403,90.3534699155435,2898.3100499179523,17.57935548307466,75,2
24.728356829715484,4,101.74894712655448,81.9265369774094,2245.032913838558,15.416791416256904,73,2
14.944086274296561,6,253.81372832724026,107.3191957048662,3687.610842395579,19.691085446354176,75,1
14.145619794934081,8,357.96597005389185,157.22470107079002,4100.138588355335,14.230800105576968,72,1
36.740862497992474,4,99.64057400540715,63.82616222881405,1925.790198383202,15.184442873566928,78,1
43.35605681134959,4,100.79816519221953,45.998609639895854,2320.857434060334,23.82642701691343,80,2
39.03132508036604,4,87.52136085784643,73.0499962817087,1946.5844083965114,16.20419173488815,81,1
23.334886401233238,6,175.6950651852347,120.70272271088565,2706.241122104589,12.996733466339212,81,1
32.31369518572926,4,120.55466234069974,79.40891701152759,2720.5664394390965,17.064257760380688,80,3
20.743480400292274,6,209.45184713697216,88.96706421733785,3055.1139282745653,15.597540060516025,78,1
18.826105277855042,8,319.2226536529845,135.71040204181438,3942.0314874793658,15.71934419634095,79,1
22.74260696011624,4,144.27091891217887,92.59145961342415,2727.841301332459,14.666717025776842,80,1
19.42707515529792,6,195.15678748326837,89.4117180355765,3021.553361071614,16.21208538836085,78,1
21.902029025681305,4,111.35032750738733,93.82279544585658,2396.2309714597286,15.946868305053641,73,3
30.509423917054423,4,112.12939485932874,91.69607352568067,2668.3370997878205,19.794165381522348,82,1
25.513970673493887,4,89.23589750074017,71.50129808726551,2208.1038189334213,16.38369171688372,75,2
23.507333198419445,6,195.3388308759381,90.78922825766625,2923.9293256175742,17.27176104125178,76,1
15.979793326924117,8,358.1308575765226,138.03294897327234,4073.23093875644,14.289882367168723,79,1
11.459513636731891,8,403.00638200368184,171.0639303039263,4754.386911789143,11.696045641829734,71,1
27.13877519635785,8,349.1429808511689,106.40459309867954,3703.932288227931,19.318221769737065,81,1
17.754763167206228,8,311.5006311612178,147.7869425233739,3335.624383575262,12.119817906683688,70,1
18.503961764627153,6,253.5068014756379,96.70450216500396,3531.556644181397,18.923918937616907,77,1
41.33095658072635,4,85.32767616056893,83.93897096875868,1895.181990747286,17.256166408224157,80,2
29.298426059376045,4,117.19392373948105,83.51491580441265,2158.806341450451,13.917287332072624,71,2
24.859041087364403,6,186.42584602882965,113.09091167648539,2789.1531705934194,15.719949686008475,82,1
18.207444538792263,6,219.51130353787104,90.89150134944163,3289.9445579055,16.018785228641555,75,1
17.317520548084058,8,361.7339980498318,154.44635467958818,4455.197220181419,15.37209006796759,77,1
27.3924986553943,4,123.10462611604406,72.23907831300032,2280.812150911937,13.809184867998962,74,2
26.888703930734497,4,133.65011455021678,85.325133446521,2395.062521126023,15.382202077349444,71,1
15.799506942475086,8,429.4701617508153,198.7804610490678,4354.214824982432,10.928770245540369,70,1
21.70173980851646,4,110.27925696036688,116.19328933018527,2651.140523404613,12.621112885303086,77,2
32.91816391678478,4,94.02459049730176,70.07708146927658,1952.529332981333,16.509749244269006,81,1
21.041088609809172,4,119.06494200414704,80.17540924131539,2471.4158014071395,15.959151734450588,72,1
29.655750741976085,4,148.43852429145704,65.25929365584659,3303.7670818213646,21.642282676035588,80,2
25.11528218575126,4,142.2340843980996,62.99976732544768,3312.8657641981563,24.966083363723044,79,2
20.123040529118597,6,195.96050308704977,88.36874868445683,3069.1332065732868,18.034669777455733,81,1
35.659952236884415,4,88.7317537947744,60.68416205834034,2118.964851930572,13.994088450466714,79,2
32.128548193190234,4,82.56613521509449,59.18820155617129,1966.6829765903494,18.99545844720792,79,3
34.90385201968161,4,102.4255933177508,72.06925512628906,2196.8561516066516,12.951208057045381,79,1
19.337699187703812,6,167.44183219856424,102.02665788316462,3064.985019116237,14.420615032740317,75,1
36.645533659694884,5,121.15012496046181,60.90882127828125,3026.166981807291,19.840400870091603,80,2
11.976244026521705,8,436.64674531847885,200.73402338381564,4963.905070612695,11.04422055749552,73,1
15.688107335674607,6,261.86990506998904,104.54012555759861,3844.0831094549762,18.69978365716046,75,1
15.316658300687969,8,387.943684976922,177.60756745642504,3552.767855321336,10.05385635555661,70,1
15.683938524416567,8,318.1841356598899,149.90764262867444,4198.218395358442,12.688560018660162,76,1
12.39965103563437,8,348.815054889394,150.12669006713898,4161.859860045145,12.311051179726505,76,1
29.23371782825151,4,94.13391467196246,63.39380368727777,2290.077687583958,20.48287127643876,81,1
33.65573747408985,4,124.55055574969305,99.80128218996555,2693.587451282794,15.182550041822818,81,3
21.397206653713333,4,99.19088466859472,50.66241422356507,2101.739682005054,23.235863938024178,72,2
17.25873686991298,8,355.2860801324326,180.9872640964733,4337.510337920332,12.210413358725397,76,1
17.351784497957535,8,301.65660530290785,153.5182226348799,3617.469024199985,11.40625239585835,72,1
33.494446648676295,4,72.01517214263853,57.949482351962416,1961.087922963642,20.06191240342183,74,3
19.13867169702671,6,231.6240571387573,107.7490394679232,3314.745847171185,15.804150517484283,78,1
18.460139018406732,8,310.84087023986103,129.45313755872647,3858.3891679806247,15.37356887789973,79,1
16.884252728414964,6,248.27877544935004,91.27788208616724,3138.1508289007343,15.461077146319587,71,1
25.07727257858871,4,109.7765775055933,111.83892757900877,2380.869200492828,15.148404988036125,74,3
21.39892785477679,4,125.19739077106371,82.5838440167139,2385.787844724004,16.059951648467774,72,1
20.022612401127564,6,200.03345879136026,78.95907084314298,2975.7615734290466,17.658307502358674,81,1
31.281467350384002,4,75.90361973817936,66.34868213992905,1980.0851460107992,16.38962419573333,74,2
23.600478646642827,4,140.31463126036775,80.36075639855365,2713.640031221719,17.9148717871735,75,1
17.837985667861496,6,216.5135052118242,101.40007849329074,3210.9151253591726,16.414981218372073,73,1
33.61970857683734,6,168.01435155002142,130.27011095170133,2738.788705829977,10.81606192590317,80,3
16.24990810571087,6,163.969604994995,126.96330880551474,3168.236618818006,14.013323815028507,78,2
10.867427752145435,8,429.39922031700473,206.53587258930128,4648.7838539949025,10.995490802229961,72,1
37.338382489487444,4,102.58514757975324,65.38192763433085,2056.0672289962836,17.275930823824275,82,3
36.70926334284279,4,95.71078552476425,60.44057970165939,1812.3024936776385,15.6321990634249,78,3
12.608400188449707,8,345.45298466650195,148.63431908670498,4735.563387147743,15.090844051600588,74,1
17.39242633957456,6,256.223886097693,105.93865480852739,3831.3258242034026,16.622566504800517,76,1
29.68590926195312,4,105.28494091550844,80.57824259909717,2312.723750672891,16.36679730626429,74,2
26.19426371963619,4,115.66004010989336,87.13690855079872,2617.213387369246,17.666592285538496,70,2
14.170617445930931,8,300.2389126476549,146.30739275348108,4291.2437205451915,16.05835885772922,74,1
22.697122972052455,4,147.9306590982788,91.17636489364172,3123.6631414385424,20.77717037157921,82,1
24.76743414316043,4,98.05807898328142,68.15949687408376,1904.7209666817498,20.194261944161568,71,1
28.07918705481163,4,98.05931897729216,78.92185995020871,1959.405315742767,13.22868360333262,77,2
35.387057266461625,4,134.73553532794975,79.8344757387639,2412.5890218448963,13.139213550838711,82,1
27.324475021155365,4,98.62835807560799,95.41918796952373,2183.570352228254,15.92628791100078,76,2
21.696450008961648,4,137.87195200505616,87.31176578500943,2780.730350664412,16.482008742352928,75,1
19.919216364254183,6,233.1845376598679,99.26581839460628,2899.8205099289326,16.550262675996688,75,1
26.114574311298192,4,105.84681315101817,75.455155358574,2089.72654528006,18.455574949251087,72,2
30.897649968576157,4,119.95400631370042,79.24949048189778,2635.520537310966,17.791754153292587,81,3
23.700855049625073,4,108.92509541944688,103.66955774219446,2295.898315337361,14.029942065722242,70,3
13.794261216557794,8,323.4638494731735,152.90194958819382,4362.2005477664325,13.445337338102432,74,1
24.38259672433624,4,134.14700550851228,86.5941775764194,2603.4394480998253,16.260620784729447,77,1
13.820630831672242,8,439.35594765155724,209.63010122313716,4218.2535656610735,8.35449101058294,70,1
16.14042307524561,6,172.45709524896893,117.94828887924764,3790.803915252832,16.36003442629865,76,2
25.118893063121533,4,117.04236230011334,83.90356047372744,2626.5611412560747,17.63221928313428,70,2
23.20152452909596,4,135.43495882956472,73.82230500876504,2476.4059326641664,19.166744128615143,71,1
14.39093620438707,8,379.8524336221113,170.83325323074982,3555.3546393984907,9.64555465102677,70,1
11.548333414310491,8,365.1220936118451,168.28834291285665,4618.515387244604,13.425833583718736,73,1
15.719457887738965,8,400.8729582099089,177.2658714819299,4566.839915803783,11.290327751254052,75,1
14.060309038726725,8,352.9714003146439,146.98175761384422,4582.532992893687,13.71219240147114,75,1
16.564041700103743,6,165.1709645715311,138.09183392360927,3304.369602280843,13.759822564532437,78,2
32.94309075294884,4,92.47891952224784,55.30305257736794,1716.300456095947,16.192363750517575,75,3
22.50862658248452,4,96.46502593897226,52.99413204163927,2272.6343303360427,22.94515895178226,72,2
28.771386640844028,4,90.39392582801925,66.67509200750976,2097.9833305514726,17.971017167427373,82,3
29.020511889829013,4,83.12913590138379,61.04037720370319,1857.149376466118,13.801970318761587,76,2
20.886089801648772,6,233.7131035974981,105.39224390598076,2921.827925774915,15.319531979728996,75,1
30.608642455315213,4,72.31845939205823,74.61702209412643,2094.002986998778,13.971572805161841,71,2
18.244370197660903,4,131.84718513856598,115.10350748618868,2940.5058236953223,14.618238537704366,72,2
31.2899264093247,4,98.08035117312446,90.14706112571476,2181.2725926420057,17.29441683450468,74,2
27.988085624133735,4,108.9627526975834,77.12130453577275,2429.9672330799012,18.20108258214808,82,1
14.025814617448704,6,253.22844523161208,100.91857356053457,3429.2926377173935,16.803725000878487,74,1
33.059570162604594,4,98.32686736595728,68.56949483756628,2010.1390251766222,17.565444103501225,81,3
14.67877279887358,8,307.17718109197585,151.45913481243048,3661.8447660024503,11.665714646774331,73,1
38.38777952155834,4,96.57610112430541,55.98367716967297,2182.2027303667514,15.5675665032998,82,1
17.42569084153828,6,236.86003809758867,92.2144475158227,3701.984099611312,18.838617232333814,75,1
26.38218963632439,4,72.16881740503752,67.18220814022575,1877.8250205826441,15.547846917327659,74,2
14.328690725280744,8,455.08885272185154,221.44872167845887,4123.984037447168,8.829220729697603,70,1
24.97636824652946,4,117.89152928799528,98.25522477504803,2509.956095419598,15.102819228257141,74,3
25.765738270212005,4,124.91154659123163,115.56497726477347,2231.1726483766324,12.922725727943153,70,2
15.759696796876005,6,255.714697200329,114.02102818298425,3658.3386335034584,18.806862546766425,75,1
26.519076104515445,8,346.9065287932361,104.72633676906898,3768.7222227244924,18.94558414555614,81,1
20.077752342991687,6,225.30380548225358,91.45510453534006,3586.699101328822,18.084959966414143,80,1
27.279454320945167,4,145.5809779949117,99.72756864235579,2706.9907633135304,13.490606554744385,78,3
27.492745449395795,4,141.02622743977585,71.47660763289369,3128.7659466003647,24.192199554376963,79,2
14.373498119383294,8,323.3100478371353,149.80057580379403,3403.8718235987762,11.139496436146064,73,1
36.183482013688504,4,96.19471187938954,64.53464929086836,2152.1130481349496,14.969826605227194,79,2
36.10915733637805,4,92.51147091234009,66.77072594816107,2182.5808181968678,14.805902412748505,79,2
19.726707440631067,6,199.16250920825217,98.72381051080532,3131.742949010496,17.441600358584015,78,1
31.43890064303536,4,119.54400801496077,69.6988098623164,2549.578953968951,16.299861999165916,80,3
34.41351561726091,4,118.02967101071062,63.228355414787785,2347.6827707120406,17.644874372344937,82,3
27.834261504168783,4,116.76179921052758,82.90904601689627,2698.371477402529,19.245845188481855,82,1
41.43631548094314,4,78.72332773834488,64.34235697731684,2125.930321244721,19.42239716695223,80,3
34.10081222680584,4,99.63122668733641,68.80746019185362,2205.612048601627,14.864565232078633,79,1
22.97768729462797,6,150.78212138222784,120.47283687862827,2935.8821710117268,14.47351102296628,81,3
23.754429478034535,4,94.31348426837323,51.00031344197046,2378.4355357169748,24.04621391924179,72,2
26.862901127369806,4,105.14313204193557,83.86046287084685,2065.8109665873567,14.250694574752059,71,3
28.036512924497462,4,139.41144500493746,83.4791557773702,2138.849172956613,15.636845107617328,71,1
29.115934095480466,4,131.66459913395335,87.3067684749878,2265.9791072548733,15.24032821079401,71,1
16.429963468340837,8,344.67368387478416,142.54184319884564,4455.910348350122,15.447527981658567,77,1
33.95665003462715,4,94.78400887408175,55.33706254736199,1814.4651578576818,18.07464078741587,76,3
28.14362689624595,4,111.97519041564098,84.31596149116122,2500.854484055362,16.202948055082683,76,2
18.356400277272126,6,232.08894822497518,93.63343886623001,3331.8832396228636,16.42984850445555,75,1
45.089461737744216,4,95.5312213597527,41.13101563998686,2041.27849853993,21.793812974911095,80,2
23.022262462079293,4,129.88784246013282,92.25643978255577,2635.4441203820265,13.23722524858502,75,3
31.70031079200386,6,165.21614000574758,131.05995046703347,3066.155005223779,11.15112441528703,80,3
19.871643826606395,6,221.83383648211503,101.50918321059196,3539.260581274329,16.589830720979943,79,1
26.301191205017115,4,143.16118555259095,90.32555505085685,2543.994729301295,14.149723073783111,81,1
18.97400957842714,6,152.22527660447102,109.53565081950605,2891.1496300225735,15.853468714323467,76,3
39.20741705104096,4,68.21118081594744,62.62034805237387,1702.0004045213454,17.394866672038543,81,3
21.815378084461837,4,145.67498116134655,71.63733910221057,2497.259296860909,18.775064480697587,73,1
22.194757342672283,4,117.85953550162316,86.79112364841706,2420.549409443347,18.852626950442893,72,2
34.194385517147886,4,95.41579021868506,91.07856351390514,2382.7651091156335,14.71409901641231,81,2
22.937770510260787,4,150.0477423665126,93.28262253183199,2874.8075078670104,14.427813728192435,80,1
36.23375836614528,4,120.54081309650135,85.99462389541371,2122.0655275305576,14.115379302686751,82,3
14.336889711843344,8,396.663729938937,166.63332199237965,4834.3265693044505,12.117506142011969,71,1
33.41910698327042,4,108.46865460800566,71.4764745143849,1990.0938682062324,18.601695454141844,77,3
25.157141747446747,8,252.83563744270648,86.51781153216372,3439.7741302457894,21.944420983983097,79,1
23.921856909774608,4,95.43525098281101,43.24094032467483,2221.7008831669914,23.839833350471284,72,2
28.889608219758948,4,112.61450198413932,80.12839784427251,2729.640212032283,19.929794077564615,82,1
31.280647451246047,4,78.54684280440115,59.05701071614463,2096.116138246294,19.618012012902252,78,3
13.179018915913874,8,305.4405143069535,145.7120012348587,4204.35999499928,15.685610935077145,74,1
13.550725850366769,8,383.59417807026057,169.6188821537253,3512.309920243284,10.367008741175004,70,1
34.073953032909536,4,80.88749965333099,70.99954324146358,2128.71494458834,16.658463439284606,77,3
23.1841752420458,4,118.61087990924712,106.9281828851035,2375.4793760381426,14.131508378258111,70,3
16.67470765070114,8,354.34244977080925,152.17366753818192,4302.664071747409,14.005307926213614,76,1
27.031142151979594,4,95.80404846426828,72.14787796577473,2347.3990042626447,15.020716322418513,74,2
19.666461202149623,6,245.91480993540486,107.64917343239671,3636.015269958621,16.615948447999582,76,1
19.320271498154714,4,117.8837094860364,91.94998072921419,2146.811962401577,16.65613905187497,72,1
18.26689435539997,6,244.5197559423733,84.13148148402499,3066.4067944933663,16.04236082593453,73,1
34.26908150981603,4,104.18975385427254,75.21883392457553,2199.6579704718242,14.606590734173729,81,3
27.809922076740936,4,115.14850812442815,82.17970704053303,2586.679627472202,19.202186933079368,82,1
19.4655141045828,4,139.45323217076594,88.55589286706821,2379.161576459976,20.125691588190122,72,1
27.206949898776422,4,153.16019516314321,83.45178865315727,2502.089193293764,17.4873093113085,81,1
33.9244507090614,4,92.36637992588211,61.50681937263798,1984.5168878651164,15.920980416854155,81,3
36.20147905467165,4,99.04171718864632,76.66055425950834,2008.2349589988307,13.686048900588414,79,1
29.50525981011708,4,86.93070700825842,61.49014156989733,1809.6870015039563,15.199433154482353,80,2
17.160746804980615,4,123.37455970361033,107.4893851977641,3001.1756295935825,14.161542295550332,72,2
13.427311296937072,8,326.3043532606584,146.20590226869336,4406.615617746836,14.164925454474783,74,1
34.693431885087634,4,108.78921171013286,72.29260844230852,2217.5529998694997,16.16270861331521,82,3
37.51797009033522,4,116.79377750690342,86.22228950230728,2258.214882969037,14.079306464530147,82,3
21.933819684575074,6,223.46287594273753,86.20274940554633,3124.557286802617,17.806103630016924,76,1
26.474589661994454,4,145.3973100799963,79.50332305579319,2533.1087895128376,16.86499814799649,74,1
29.937400722856093,4,100.71157332016115,81.72030515513762,2219.883843192239,13.880925630191731,77,2
21.550526096071447,6,203.43967260267442,86.288699653549,3073.7279923412484,17.221601449896294,81,1
26.58861756699642,4,111.17689072480606,90.77124327554972,2320.450973942411,17.61308786694358,70,2
29.576694636415237,4,122.2216387455612,83.79525050596014,2800.3366744230907,18.998159555738702,82,1
27.33436557994811,4,104.03276595113584,42.70253877023878,2038.2761940069163,20.79759276253314,73,2
11.648061035180175,8,351.2083819971091,169.89646121468652,4486.397428492813,12.454247583109542,73,1
28.066281129912685,4,91.33030298567334,83.90047433999766,2258.3278536935004,14.41351300221516,72,1
10.308505650057967,8,464.37747826311494,221.9385622518635,4955.398166756104,9.912046447521238,73,1
17.891261585704758,6,251.31656127827242,96.23733709339821,3207.665688584545,17.332478297176262,76,1
11.905161289101146,8,437.15972473456765,201.05538937371668,4842.358709463941,11.375797267545428,73,1
30.71858011787699,4,74.08988515352598,58.791865436243455,1915.6942513761066,19.622951783731313,71,3
23.209471988333874,4,101.65495231649402,63.795361654372925,2142.234938118381,23.13746218846047,72,2
27.861985521851437,4,110.31800988640106,89.3159775617071,2604.185548226492,18.583692563994294,82,1
44.93755437839086,4,91.72914951803675,69.96322919213458,1980.3548762875403,13.48941240721189,80,3
33.5435791105946,4,97.56599551239582,72.32171385830299,2197.774132918852,15.181797251674443,80,2
34.24987921804823,4,101.72156313232469,68.02387933430832,2307.9077911980885,17.023622555393263,80,3
26.820550153899582,4,97.13981932676865,97.26922890675108,2197.8484117469125,14.272051937268353,71,3
19.00222338909216,8,268.22997755810474,115.84598401358916,3351.750071122453,15.218396478555272,78,1
34.381888900977735,4,105.25432855792043,68.37017190669957,2105.9195083180957,14.087797301131609,81,3
11.570571806069278,8,450.1133637774748,223.47249271271087,4927.423023144171,10.832317825475172,73,1
19.675236892973988,8,314.0916720714395,132.12747239325512,3589.396529503781,12.614134310342482,78,1
16.622893249073677,8,346.09834271286053,173.70043535352693,4260.219707665405,11.678053218218574,76,1
17.354196249659925,6,231.74314638005853,165.1977809815534,3478.924510265614,13.522057177396487,78,1
13.674167278841434,8,405.39687207539487,150.73382972487252,4496.52451915724,12.933760069047425,73,1
33.7314006714595,4,98.44030283442109,77.66190306359374,2246.914603659841,18.46394183936834,77,3
25.11275260768911,4,139.77267861479424,101.64491113321304,2503.070562397991,14.212213052747032,76,1
13.883195315856119,8,351.77663608442754,164.46866983753708,4276.736099478677,11.454959584440747,72,1
13.178182061460873,8,467.50406978306955,215.50347596786054,3082.6740340830265,10.039035748277254,70,1
16.662536119420974,6,227.61481992265996,113.23985401586701,3905.961699142025,20.772027418473993,75,1
37.36256984448128,4,84.01652759666966,61.780230978525516,1954.1575830492447,16.689966809252528,80,3
25.476299588308645,4,144.75368648291396,80.4452247201368,2685.1313584294085,13.823728221102417,76,1
15.758233657693136,8,321.54222715165884,149.89567814224083,4140.112899552095,13.054958435136271,76,1
23.371866322081775,6,147.8259078208867,96.35803255132764,2938.7173304536245,14.58625069215754,77,3
19.51005769617717,8,317.9619324529344,138.43259571890485,3767.156651175577,13.352262256944336,78,1
28.948202871962074,4,96.56609633209756,68.82346509131243,1894.6079165977233,17.923987163266887,77,1
31.656753686813374,4,116.72638248926492,96.10968357367682,2457.279130179234,14.11257665308107,81,3
18.48590646789897,6,219.44348759036745,90.93071532592813,3672.5592116380985,18.49314473037919,77,1
21.61697643616379,4,120.95713707269086,106.44253915461684,2691.1410688076453,12.058912494406755,77,2
25.176573712622627,6,175.26133926881965,112.32954465794154,2995.7598709671825,16.221857991981576,82,1
37.13248252991821,4,119.53104254423742,91.64845784644693,2338.638823888742,14.72543874058974,80,3
21.552538493347885,4,120.24032700864039,105.15985229908084,3014.3645461303086,13.789225037337118,75,2
17.106093687121138,6,207.27979697196054,99.61387422954502,2755.600953892653,15.089225056426558,70,1
27.621121105604512,4,139.78133875377915,94.25186937126205,2483.430712072634,14.498761727368336,78,3
20.63821448962369,8,257.6670854319773,118.10131885550176,3604.5969564335987,15.202064332602227,79,1
25.86315378043757,4,145.80199769825956,89.3355320793053,2637.772893883249,18.200196692658903,82,1
28.971560023795014,4,92.89191995835208,62.49275257083221,1926.0746371446892,14.44407468067952,71,2
16.95676718204149,8,335.6658845870628,140.06732274006697,4013.91884532772,13.071106065775428,79,1
18.77615347514078,8,305.3164277810357,135.9891508922205,3701.269787436775,13.302103542302895,79,1
27.879539160657142,4,136.588599600932,71.06655367343583,3184.0599230439284,20.95063307939285,81,2
28.381935733300928,4,95.59318366074707,93.29888475218968,2326.1166155596334,16.29954456298049,72,3
17.56495268946565,6,228.46266934703434,170.89880849779613,3409.364882956043,14.27823682526224,78,1
32.00905262497136,4,102.08893715155489,70.41456016102036,1985.2012232553377,18.95130159793601,77,3
29.60319201880757,4,94.52429487357304,61.34491492925243,2497.0785072744416,21.37708748879226,81,1
26.657396177708552,4,99.70245269774193,86.20288227352023,2140.8521541730606,16.463743442713746,72,3
27.38952423706563,4,98.44011482388434,72.22131837558176,2324.034719635831,17.835700400031364,76,1
29.138876532217147,4,120.82355888036523,81.70227631700291,2683.3758286272678,18.310675343958206,82,1
16.521882372804146,6,249.49394385451058,104.38884248664932,3776.3300882185918,18.57035574559715,75,1
37.277520266842615,4,121.2185045752014,85.101345432618,2428.316877150628,14.65698179409679,80,3
36.73286745911898,4,87.79319190281076,59.06766657877481,1973.2547987085163,16.6900342845563,82,3
10.379113509581982,8,346.3164449959217,153.85799450654378,4425.2445463103495,13.089732106125533,72,1
24.77371743512279,6,203.08667533015566,81.29240310338736,2861.132155999511,16.907415444252727,76,1
12.981023732916306,8,404.93488066434765,182.33599392044482,4446.666595931188,11.824630466351119,71,1
22.5255895813272,4,122.98515085249012,86.31874055738031,2088.973353003879,16.578918683865535,72,1
27.629253430686333,4,89.4982567578134,72.428813113486,2201.9418154629316,16.448705458119765,75,3
26.556554872614907,4,137.36027458805398,90.87111526955456,2258.844484756163,15.450184475417231,71,1
26.95019563664627,4,91.00505140465785,78.10860493048068,2127.732500516791,15.360520840477928,74,1
24.114793852758986,6,143.7561694197396,127.29895270494309,2868.2567507897998,13.801676849001298,81,3
41.51953967475837,4,90.12504448089645,67.77701133664706,2139.2832801357517,19.438066280146543,80,3
15.88470238051716,6,172.02788608856238,130.9336775919916,3554.6708370533543,15.267585717282055,78,2
29.86312327013946,4,95.7098551037923,62.89132712636883,2035.568899781091,17.379888001345254,77,1
33.08003264209164,4,96.84189297150965,68.72140240284887,2107.449329292969,18.3073064689538,80,3
17.53209255439081,6,226.0309200927731,92.71672176958386,3838.810473766385,19.67850312519306,75,1
14.480482238617027,8,348.6280870560535,148.2136108482329,4162.852493097824,12.342743881230295,72,1
27.067241593417883,4,65.66986898703678,52.722679731927876,1997.2250744207436,19.56654539364113,73,2
19.747490596075792,4,122.01548687212443,92.91515212132674,2233.515261678372,19.218001366033572,73,1
20.691912498383207,6,231.22957526569823,99.27553565083849,3400.592211743343,16.87735523518834,77,1
35.82460470737711,4,94.75420677266766,85.72342387066199,1925.7845135733107,14.096865302739651,79,1
37.90424212970962,4,91.61741896431977,75.18729484820481,2212.5421469580006,14.569662358753366,79,2
30.042004449940162,4,96.91041324125626,69.61150989190945,2503.8724623786993,20.980113901417806,81,1
13.77491478582365,8,315.4034264108602,130.6136977371653,4180.894958202783,14.310310992925903,72,1
14.960567850103116,8,305.3398560660508,128.9019602872601,4277.942654727768,15.504268205095514,77,1
17.609350927144586,6,259.0438684320309,114.73522606235765,3372.190807353046,15.087284372015054,78,1
29.29509370004962,4,82.22889317479273,51.40655817593286,2037.2988772749427,22.034209169063704,76,1
26.596674870516296,4,127.5432270915242,115.96688826098423,2251.158170444325,12.089461095906406,70,2
16.62531806799012,6,249.67796540855582,102.57879491653942,3166.96735979032,18.465393992088128,73,1
23.807127959593796,4,135.73420880164596,88.15992266969873,2914.0846827336654,13.92360659608173,80,1
14.990285241038789,6,253.97667895726872,108.70977016826816,3694.476400371169,16.584850942264598,74,1
18.99773680825125,6,248.4566419194954,102.37129111020376,3376.2291627921168,14.965082017073469,71,1
19.48185387161566,6,232.91082633719034,101.82282565882305,3360.5055111209545,16.07615623748974,71,1
17.301263053519584,4,125.87589374075667,109.04938721312416,3031.4784181629166,14.470405375059832,72,2
17.615135936416372,6,203.52586059951653,91.61292701231629,2834.979069890076,15.863822804101714,70,1
21.66713550933256,4,119.35683797691046,98.4048723682073,2988.1525935680224,14.315426631599525,75,2
20.30926475389838,6,231.50286905975105,97.88626688878368,3283.5232411693914,16.465349646610495,75,1
17.70509934317703,6,246.62980355734618,86.92988811949196,3228.3612983689886,15.381273576817597,71,1
36.1047666364334,4,101.3150808268733,60.39094531253994,1785.9273827644479,14.850654029987872,78,1
25.08287232457613,4,119.2434311735463,112.96096721648725,2631.3481671003656,13.523963832957726,73,2
21.328678526119432,4,113.32348303068797,109.82030159464979,2593.31725071324,14.311855690773829,77,2
25.3370645716129,6,174.75698885443742,111.03973017488354,2742.0791213026346,11.786290634606608,79,1
24.902690540582476,4,101.98528629793857,64.9192104303002,2054.4842257415135,21.450097709178024,76,1
19.989598599713123,4,98.54776548628395,87.35293697025706,2269.942496473834,19.253171425515813,73,3
15.33733217021129,6,250.54598199419797,103.24221927238199,3854.0408420567946,18.507621119131013,75,1
25.07803725983097,6,163.58615727635578,120.69462803367081,2752.606923017639,12.451356149423226,81,3
35.234584539548955,4,79.86629186843683,65.48400275884396,1845.3720770105322,15.293750037490351,79,3
31.90863958861268,4,71.42635889795362,63.905618956661826,1975.4246180093785,20.780386647969138,74,3
13.9774547128393,8,312.50947533005393,148.86584064235518,3975.58496547319,13.495612934995822,76,1
28.36391607672816,4,145.45561624677308,76.49294461315318,3137.596479829601,19.395064945574756,81,2
29.666397097512764,4,108.44684539503277,74.8613082910505,2264.8576066804994,14.752929403572697,78,1
13.018650065198106,8,342.4700145851922,156.84801058475628,3630.0901133411803,8.359315996989016,70,1
23.300131490988814,6,197.88767302279047,88.74320006119835,3073.7031934574134,17.79338473817295,76,1
14.532337137950122,8,398.25760860125456,187.44666760378644,4477.417549503911,12.026286896244073,77,1
28.575708280709936,4,106.23464805486937,81.02459000964947,2241.61542099739,16.511948994204072,75,3
14.662801627310213,8,355.2970658757711,146.77205393891666,3958.345951646143,14.270341360460428,79,1
36.74176723044835,4,120.85953102519886,85.33026444423025,2155.1892141247163,14.364316107907515,82,3
14.120082488561216,8,299.39403619943147,118.9355508392629,3977.8871705532188,13.919514584716213,76,1
21.353254082705647,3,83.08309332502213,104.84162353083494,2769.2381214935867,13.74771036091886,77,3
28.813271913563263,4,97.57836629879444,60.80894861718295,2035.0681101992188,16.005740405411096,77,3
24.211570950398126,4,155.84623111505078,102.83251254190004,2746.922430058882,17.457848653052856,78,1
35.92026201351002,4,119.59614637843609,85.2227931501794,2177.5628541242986,14.662968062073775,82,3
13.852182503340432,8,395.89262570621696,183.07664330990212,4456.522372767929,11.596182861214896,72,1
16.95752138604133,8,296.32096275496986,140.86958097446797,4169.549070587405,13.92605009402062,74,1
31.471877521461263,4,126.87889828946851,83.09195361658341,2599.158157640196,17.533544238546376,80,3
30.97035754748311,4,105.51393795159085,84.56397021191381,2609.225743418039,16.01151738278563,82,1
33.31505825780378,4,97.29554390652702,92.60888179866888,2367.3584208789557,15.948368066080258,81,2
12.748834845059388,8,348.58928720748116,174.38717100403954,3993.546639184401,13.314903224865011,73,1
33.248248440042694,6,168.6979639462909,128.46193602919737,2958.6078000558487,10.991513022323872,80,3
15.985127560269465,8,406.8589970794057,196.04818009425458,4334.516374426232,11.48277725053014,77,1
28.984608346576742,4,83.54970345745967,61.8111925644336,2030.87734734943,18.49105625596568,71,2
16.79915163123821,8,352.53054821313555,130.55146533342966,3971.018531007799,13.407840188337806,79,1
24.93008819328924,4,117.66921888397144,97.0316652347031,2388.995346885186,14.788455396735555,78,3
19.619877064208882,4,140.43225488040477,78.10972402643965,2415.8945341318677,19.445440258648254,73,1
24.437301766880747,4,86.63453880212137,75.8396535540499,2180.691427628227,16.25620080617429,74,2
26.413725957561002,4,103.46056428112813,87.19948241486188,2105.4995382016873,16.46951796544063,72,3
20.652824837675198,4,138.34216520045774,74.34544778975653,2423.5292970975547,19.425101202464703,73,1
14.873575734585273,8,350.67543283256157,165.44483802652786,4061.951830797898,11.292000989470868,71,1
10.848184943275859,8,430.61096894902454,205.22039209215544,4974.383016871854,10.019566834168414,73,1
19.912803235439643,8,261.3870981705539,96.45103780691308,3209.1197428972678,13.328213122939717,75,1
13.517841166580002,8,346.84884470613537,144.52679895411043,4573.199261711577,13.426276461411186,75,1
17.57741154443688,6,250.1481284053707,105.10763673731738,3519.3240954019266,18.658706776729765,77,1
34.10145871436411,4,87.12184519831521,56.22718224314604,1961.8547679822543,15.705967834029558,79,3
16.903354286015006,6,250.38064872567804,86.36200635769204,3131.7421311342496,16.651715527580215,73,1
18.80763746686441,6,221.8435455999153,96.36076891169525,3412.067930599081,16.91592856805958,79,1
19.260621989329085,6,248.59414288353338,88.14096174970663,3296.919305654349,16.895726597978967,71,1
16.79811673430554,8,317.2380349901019,148.03116138258756,4277.85139911586,13.226561256109767,77,1
16.11898879622588,6,245.06519279367376,68.65786926211216,3355.3526064754083,21.60392441519977,75,1
27.06673388447239,4,133.01792439040847,70.93677817006284,2307.0315806224326,16.019477961536097,74,1
34.55548473655793,4,98.89578148192858,68.0553101890569,2143.070658983162,18.06220627777788,80,3
26.9400039065898,4,134.80617332357858,89.53326497524495,2387.3332664718178,14.737476403746436,81,1
13.762968635053026,8,305.0800649238563,147.67844555352787,4379.124417401833,15.617319749987852,74,1
22.020831062605964,6,229.14767946416197,113.07098183249472,3275.889303043302,15.265752639888527,79,1
18.707335990140773,6,258.0605224433706,103.16057623852998,3100.084316436819,17.880566827991142,76,1
32.69653389694174,4,77.87795604071539,53.210380191081875,1803.3915067111816,17.415186682332443,76,3
12.72784573893334,8,436.456144581796,216.5001874369402,4774.283578058982,10.283217433855762,73,1
12.977918399698094,8,318.9896027237386,154.11935558823973,4501.9552352819,13.295787358610037,74,1
27.162380966377466,4,140.35820795213567,85.43223749823908,2455.3370079651004,15.277599019237593,81,1
27.23516260701808,4,117.29274386694493,77.12508534423492,2295.0962201010575,14.184024870678224,74,2
27.061480722496054,4,97.6636855740746,89.79668299833217,2314.8771600107434,16.843673442109626,72,3
33.97919068370826,4,105.43869665964709,90.01927115428552,2288.9115459187783,17.930441269163847,82,1
29.17523574482951,4,142.83581787868295,91.81278827361658,2661.1930513597217,15.178788046080005,79,1
25.79641816651164,4,126.63560012778619,108.65817450270332,2158.4570093677617,12.832900961077979,70,2
28.753370772074078,4,128.82802756149533,84.99089278724553,2807.9924217262965,19.06761551145416,82,1
16.229546942641225,8,319.88627311664266,150.18613686928063,4462.748103804815,13.426568136554216,75,1
15.961716377254302,8,402.97380692768684,186.41321542741,4371.579223211009,12.050723051357735,77,1
21.912687564415194,4,137.79929926739618,106.29273723699949,2532.7033129293386,15.538201196849776,78,3
15.211742294209992,8,314.6743219978937,152.99810760079706,3335.3020922975797,10.748622934808099,73,1
22.380992871550426,4,164.38365308403723,105.66259086972921,2748.5812285524485,16.288809897132122,78,1
27.18630404444289,4,116.32036318734876,102.34033296652977,2269.6215515393574,13.670831889979894,78,3
17.728765048683872,6,225.8450653898984,90.2274729629159,3605.9576745979484,18.365568335163715,77,1
34.918352898967164,4,102.86718049050428,67.1903228230965,2249.915034636188,14.641687312386184,81,1
20.15612919254034,4,134.07494177966066,95.71169441319987,2546.9966920111265,14.74892928228366,78,3
25.763422413600978,4,92.29995884019768,70.26932505361779,2215.1650221551736,16.633730568683017,75,2
22.22454469416386,6,232.81813448753314,112.3552198027525,2945.2028605410314,15.050571359658866,82,1
13.777074280831014,8,451.2063599848825,225.42160784220093,4364.84055416484,10.324889145064514,70,1
23.47743951047172,4,124.4131211273583,83.08674001868177,2522.3824340307006,18.22322902196099,70,2
44.87303105705725,4,82.95808119299396,72.7050525983708,1819.7741603252728,13.382191289722156,80,3
15.763004744300039,6,250.01371648549912,107.00149602842563,3928.1943699536996,17.90513806550887,75,1
23.327251881421304,4,121.97438899559181,107.0499961847003,2681.4067479686105,14.264560414117472,72,3
16.817437099416193,6,253.29223709620425,101.0538936709521,3897.8342391245355,18.38085177055027,75,1
25.91951894105807,6,171.6121561704728,125.74106275103131,2767.6426276803454,12.570828007173322,79,1
14.774834035758179,8,339.2220457350054,148.072897759714,4033.660886182075,14.65338416166299,79,1
13.578263275840703,8,352.25646698899016,163.41470049209482,4341.760572584435,12.078398232387038,71,1
9.21408241480026,8,433.40162500343087,203.445479223064,5087.492469907677,10.896360177408981,73,1
32.43355072346523,4,74.33292212150559,70.1500331737857,2149.071374329412,15.446245172204275,74,2
15.226885742529388,8,404.1149027239022,226.1042885439187,4239.235727964424,8.708500978592369,73,1
31.570558631550302,4,123.44382512726516,78.79943464905705,2738.1082081625386,18.51875012048518,81,3
26.921250714771723,4,98.82142827347889,83.96521755587973,2250.821644380394,14.938522783144252,71,3
21.472313597826645,4,136.4172153627344,78.92833132164756,2481.888006474506,19.738769041168062,71,1
16.019912423185463,8,309.81504676766315,145.71652919688168,4163.3004623345605,13.10561785725945,77,1
28.492509096342662,4,92.5355183605454,70.13057842523229,2289.7070469962537,16.680374876250358,75,3
31.18395615319794,4,73.2546808572195,66.4871053609736,1815.2023259476885,19.572760920688708,71,3
33.35607216377746,4,118.8308434956425,70.1952302138215,2729.1072860052827,18.403748907250254,81,3
27.933381569386277,4,95.25169959306028,69.02505556010311,2228.1533313798186,16.41701245526625,75,3
16.31027069821751,6,246.77433262379816,94.12045600649405,3966.3353232100762,16.381827720638295,74,1
14.056847681817834,8,409.5098146285605,177.62359522164053,4460.37035584071,12.117680845920482,72,1
26.52095178371256,4,92.70869577445714,84.7686634037756,2176.5571377705705,16.623738156895854,72,3
12.308533719305313,8,345.3789143481145,182.14690717253114,4543.0900454582425,13.184211309578187,73,1
20.40131406477659,6,160.96965074475085,109.82408194339338,2610.798175350833,13.408911957367065,73,1
27.072622611066272,4,144.15684990668586,78.08562528862817,3104.9920654394723,24.80352311093405,79,2
37.45460353199098,4,101.54179795884953,70.4108955098698,1951.494691734787,15.444348021954493,82,3
26.028458524563995,4,90.47115733290968,63.60420083432522,2250.2414565850977,16.168381798988495,75,2
13.973449370650288,8,301.4188504026394,148.55728825099717,3844.8194510144876,12.77978283749628,72,1
13.374527335128551,8,345.76568386123574,152.99117780213584,4178.144465208444,11.822724179662433,76,1
20.46648717374719,8,255.64606546792092,110.79425115224002,3386.013398554176,15.220093933712858,78,1
16.129716200059146,8,324.29476671235824,152.0637390079731,4179.664946068011,13.678521481040569,77,1
34.60779135724739,4,103.56314058798135,60.244040118839536,2218.167033738735,14.73243284479909,81,1
22.72588583493404,6,246.56092987433075,104.23603814222649,3362.484592700225,14.50456538226359,76,1
16.498907729878365,6,254.83584644249555,107.70290066948796,3550.3859362308363,17.539122990672595,74,1
36.65236221939631,4,84.18201310329641,68.2583563205597,2048.2145915594765,18.45132626440571,82,3
39.83313876130155,4,85.4515441129116,67.88817867176738,2041.4851598409052,18.18092602206139,78,3
26.887266713729648,4,97.86964328399647,40.0,1954.763582521602,20.4691341422245,73,2
32.316805577369195,4,113.36025916503115,80.52703010141838,2215.878074162103,14.314214553569942,81,2
33.97245799207805,4,85.51271319922294,74.24720071686816,1999.5642899579323,16.23232330289422,81,3
24.628974052922636,4,92.1122742622824,59.11998373157919,2295.0441733529497,23.88320068365624,72,2
19.898350363028637,4,139.21871972522817,92.74021310186586,2596.8258556166866,14.978699708412819,78,3
44.81719670527367,4,89.98679449186169,40.0,1975.777339520158,21.562192265391452,78,2
29.840311181070813,4,99.17301472197805,69.48851227061,2159.323560683582,15.651733835509837,78,1
19.980386404444353,6,238.33368341195109,89.13883413871676,3188.584805303352,18.012333188570597,79,1
17.20442833213119,8,321.78416559908334,148.6681232655539,4643.032204059604,14.451774545885447,75,1
23.124013091013595,4,98.40160946717305,56.544338755063166,2409.662893297962,23.738159473537472,72,2
10.50025153088357,8,311.90443656414624,213.38564157395894,4359.976409058018,13.390768600427652,70,1
23.237377332809334,3,69.96720930491377,89.33095492701158,2353.1293497188567,13.190618342221311,80,3
17.983988554094772,6,236.37374196054705,103.49940808050968,3453.1476918515395,19.429869442987044,78,1
20.47933769842589,4,138.7971440019861,90.78459701923589,2589.8291943589993,13.996419993765633,78,3
44.1869162673654,4,99.42200015073982,49.58205397763655,2126.2589423985546,25.387340066465427,82,2
11.311465452013609,8,394.3450772987171,157.16619664137238,5029.579649829265,14.428461859758677,73,1
19.86384711686844,4,141.53938168044422,87.66807718239556,2449.1221722019063,18.868420758488153,72,1
14.366234869996283,8,441.49076674619664,210.84684628449872,4694.992871355822,10.751572986421795,73,1
21.844716442704758,4,124.191683940525,106.74233538409408,2651.6566133712035,12.717146713321766,77,2
35.45527529593988,4,125.22982844386708,80.48359608811239,2175.4162737294023,14.654195838175351,82,3
17.963320893922766,6,224.544204973938,102.54572670275809,3048.341123392237,16.295358575260266,73,1
43.24970938515987,4,88.02018135649358,56.29561686651478,1871.4029284020844,21.32241766984259,78,2
34.525588250822594,4,89.4322983360872,62.806225394469074,1958.8036105658068,16.183901530085958,80,3
18.174317517678098,3,63.05954871599711,93.95415710253913,2150.404951176587,14.30181501512563,73,3
22.213897381791497,4,113.76365412765932,87.76410508871862,2399.7628645688737,16.020928722108476,70,3
13.593865020641049,8,321.31912872860977,160.53955850137478,4008.9465864030312,13.698193051256082,72,1
27.205157114439974,4,103.46583821638126,41.10744713588396,1804.7005846991576,21.039698688077923,70,2
11.924494404226783,8,321.0675328565573,142.11796954938603,3697.113554129399,13.887586944589266,76,1
22.61385666485823,6,245.80895610156477,97.68308557742746,3395.4885096147923,13.769924811774558,76,1
35.76795664441845,4,72.6791492132823,63.824310236305685,1886.4390388705597,18.044359628227507,77,2
32.48929728846358,4,73.44982621504947,62.79474612637814,1683.1504217263002,20.629135012776295,74,3
25.111763089835296,4,100.5659512871186,41.512531208939784,1961.0620452371534,21.86127025106419,73,2
31.968123837451095,4,94.97839186760339,61.28164473745587,2420.2107892530344,20.820407960445486,81,1
22.549094680284927,4,123.52645654420407,92.81584848517129,2585.0048528913844,14.583292497626456,72,3
11.840577479000926,8,391.2914918578941,173.94598961978656,4694.326727195802,12.09429101787902,71,1
26.245083323066076,5,182.1084832434109,80.02953025058818,3575.3391972306677,20.205177349364135,79,2
11.003657240030684,8,344.4517132492106,168.76522223265147,4385.609812250393,13.930318165934253,72,1
12.451256078456856,8,351.40019633485355,148.17787125743067,4626.230296904436,15.139591968555747,74,1
25.238446873532745,4,91.8363252485363,82.98814197548957,2337.1971614596578,14.899113411385427,74,2
35.59725785622991,4,107.02927140759816,77.36883421532649,2181.996096778536,13.955626340665495,82,3
15.923350726981134,6,262.1865811075338,106.02991135300306,3415.345377268936,15.254791799767796,71,1
33.087382194319716,4,107.99521296840683,73.36229217524706,2207.521255603369,14.803912092685033,81,2
22.533720670462476,6,226.67421557440335,96.61479308144924,3080.795278698413,17.60002510014087,76,1
27.432531084078786,4,92.44489710344949,93.60653503546106,2294.4737919229274,16.5300106535293,72,3
23.24760129955074,4,121.11768807478408,110.14334452772688,2889.508256445969,13.974508881983514,75,2
26.618345739466726,4,151.96733079952227,89.70405313907695,2570.0902292946935,15.983757518047641,80,1
19.10014371547576,4,127.87096585071018,89.57605913002018,2400.4054881830602,17.91822535644279,73,1
15.85884024871938,8,315.17489370711144,138.46754848945048,4337.64625481343,14.403853949948926,77,1
22.747423773466487,8,267.2981333532478,90.23269116330995,3455.3930000596456,22.49495925459955,79,1
27.481555757077594,4,102.69092244297154,68.52251214114482,1907.256370701593,19.588799691215087,71,2
16.43265603958585,8,316.7672841466926,156.3325268143483,4070.335862897827,14.305584041724705,72,1
36.571414726965116,4,97.72857848657424,73.30575922185005,2061.662389970479,17.425570166649173,81,3
13.551756390443135,8,451.32664599950056,217.62146752850836,4242.244152480691,9.974459757145102,70,1
38.04527652177626,4,89.48181891549811,68.88143197180135,2241.4711190982184,14.941269649932886,79,2
17.7820522132161,6,221.59787913004357,85.94104725090868,3386.738851168292,16.785576424426026,81,1
28.87921783330314,4,141.58746865894216,83.29887283376479,3260.5381434015017,20.381976714478938,81,2
43.60453000778942,4,93.57369530826168,45.86132560596434,1897.9095044143974,21.585983935127246,78,2
33.44052415449172,4,150.99334091373396,86.39342112270425,2568.595787916338,13.715282291915631,79,1
22.836588518758965,4,159.15318298913056,105.54478490692613,2869.7913408930367,15.858383382042211,78,1
30.587622983670062,4,92.33455859285922,70.01378204281211,1868.4574893497067,16.734889662383328,77,3
12.893545614393442,8,316.95743039975355,149.21894164384446,4135.9501710428685,13.519041234527153,71,1
20.080296644199713,6,243.19925864776926,100.49779902878953,3365.7771044102856,15.62236905355503,71,1
17.32322008970859,6,166.55207956354568,113.02771762843567,3960.3548783265023,17.28527359407654,76,2
39.66582024761087,4,78.79906874171623,57.946966098976034,2197.4076517190024,19.304955841146384,80,3
26.00678786881817,4,112.18910962513348,111.72047234023674,2306.8396204809014,14.2040758465821,78,3
20.507219931754637,6,220.29350119767443,99.85435364287548,3338.248986399386,16.740057407534547,77,1
18.82404825181794,6,194.73125057000806,97.5601506324368,2702.265020675464,15.054977717119186,70,1
29.791012807967775,4,98.0520460541772,66.08937963861521,1878.0861035575956,15.64913479605297,77,3
22.389123111172857,4,100.28648886596098,54.37413601853257,2151.024511691728,23.16671724958982,72,2
17.817252682018683,6,174.5364262782519,101.0193661332718,2971.6920412028535,15.294271755995448,75,1
27.00595672086814,4,82.61953512100536,71.22409738002123,2197.395925747686,15.048710217198316,74,1
22.27168866992405,4,147.79324447864875,89.63248582416186,3028.229052033869,19.484846713311786,80,1
44.40533280009543,4,88.86673677976869,73.89293429939882,1858.911633923246,12.89173144630743,80,3
24.350693388739806,4,141.34094118442266,90.93874185956172,2985.289637360413,20.63025251842038,80,1
24.82496708403914,6,203.83612242761828,91.28971050568025,2874.725789756968,16.23553385878353,73,1
30.266969616410236,4,105.04298578693992,71.86159792185282,2169.76582261818,17.10711187217022,78,1
30.815717882335846,4,116.22524058605053,77.11746885382172,2205.598179163129,15.6934261999823,80,3
13.637621206828877,8,458.40951829492286,228.66688963665632,4197.363846774627,9.7271286447106,70,1
25.94387624411916,4,104.79598984659599,78.3921005797645,2305.4758903930883,14.540318883604792,76,2
18.086328985797874,6,252.08959788377805,90.7562526220402,3481.542151175647,16.179356697943728,71,1
25.990512467547912,4,94.08349988262202,71.859780446056,2161.107916298659,18.190987960022426,72,2
25.900385749773072,4,117.31606071885034,101.26700396312701,2282.646430820165,13.502809318515968,71,3
12.429623592198139,8,357.36526517246784,169.3003751773002,4546.000488588129,13.141805916432002,73,1
15.96442159487489,8,296.09688090637707,143.08969991481635,4023.857752471932,12.430811734297881,72,1
25.403816429911096,4,112.79849926025523,94.61377437305455,2336.3754184221084,15.221400227886711,74,3
31.629329225048334,4,83.63853791851342,67.18746523950846,2009.0002888369172,17.04639441455225,82,3
20.69077238573225,6,154.57630588543077,124.153878396017,2770.6783793249942,13.25764192464781,73,3
19.713794733522306,6,252.0537529001758,104.83705366097325,3635.045423523633,15.703044505870706,76,1
26.538713691623805,4,149.12389021607524,90.85015601425168,2855.4377378022427,17.406560910281332,82,1
32.91330457354618,4,134.80778478919677,82.27348145675917,2210.0385330410745,12.138821196163263,82,1
17.020279010870713,8,297.43434258826215,136.63768845145023,4133.8809601377725,13.254297209451922,76,1
16.188592885100647,6,245.25730728346824,113.85392191445517,3659.533216190345,17.661321056031134,74,1
10.967159852777687,8,322.9152942586959,218.2986124952367,4506.43388758929,13.179560436195883,70,1
26.468841764675705,4,90.99208262599943,70.90187623326754,1955.716237362955,20.096153972788265,71,1
33.28388825607077,4,87.6287305715347,74.05116212326234,1926.6521360837603,16.685989086733294,77,3
30.776446953526648,4,90.88162693072486,67.99577061941545,2024.3480108118706,17.3843156325161,82,3
38.59066708817255,4,93.56606790639147,62.44691492893009,1882.4783873287568,15.260792113567115,82,3
25.583671620989488,4,107.91337485826908,97.21549410454838,2394.922696391194,15.984914541979562,74,3
18.482112786250887,6,244.24450876903464,97.28903820247372,3624.8962709616303,19.93535432837657,77,1
16.523362734147753,6,222.56194136104887,108.48392782900851,3292.0608109820787,16.038003103151734,71,1
30.858345717240187,4,111.780417490147,71.39240601488953,2041.2476865949345,15.49578989734968,78,1
13.249527166429047,8,333.5519843546728,157.98469846303516,3487.8243099395922,7.541676688248865,70,1
17.23706914065711,6,263.371105612593,99.91100764604278,2898.9896538098187,13.96903569769496,71,1
19.375011004536407,6,225.8180267420131,100.38963201755926,3718.173835939665,19.548104144147178,78,1
36.7607744504455,4,86.40936743465983,68.00353634245532,1996.2671898501724,16.13559714504167,80,3
19.67575982837913,3,71.05494903858094,92.65078810297267,2093.127520259472,13.638827627622161,73,3
20.186952655309963,4,137.8215221255624,72.37079897578067,2345.6825956986577,18.550311955858742,73,1
32.838039232581565,4,83.6622211471265,61.41759903171225,2143.9793078137072,18.46428477519428,79,3
16.777893260058402,8,347.21686919171657,157.7702370096207,4376.690249665865,14.323305375683013,79,1
30.09793213785767,4,104.80826996880877,91.4229529211177,2465.2133992727536,16.81674234191025,72,3
23.712475332032213,4,146.97485563456323,97.52616082972501,2941.4447417096744,13.572435624836032,80,1
35.34082077597988,4,100.32875380792245,60.48869461255421,2010.8128938300074,15.839100075416486,81,1
8.205287103898868,8,317.4906447684207,187.68086463927102,4668.8886256014885,18.74081181447591,70,1
18.677514213693875,6,241.6767981970447,103.04973579571225,2699.5722407615017,16.036915452852806,74,1
14.65513011376564,8,344.3363947915464,143.773582450193,4463.926314387868,14.169084617038502,75,1
24.848088599997112,6,185.25221080892243,105.49998303288469,2950.6265417112045,15.842122439539876,82,1
14.587142102950553,8,393.5156788697943,170.1780784127747,3533.492490788773,9.806599669003926,70,1
13.715212096767369,8,399.35698947772954,181.69664665045616,4451.024262708095,10.97086957410564,71,1
24.14052583542421,4,89.29325089708946,80.75807265678657,2424.1465558474556,16.215472389283814,75,2
30.330699252538633,4,133.83092194917953,89.97975117147621,2490.3621894651665,12.25186435357405,81,1
41.78929036890086,4,90.54498653184487,44.4079989260058,1805.0333012372903,21.33481509561901,78,2
38.10491684345584,6,252.7158873072417,83.04404273377119,2925.7933782351383,16.113691268309363,82,1
7.675166066707471,8,300.8011434937705,187.860770748486,4731.03130395559,17.530490524771224,70,1
23.507892089279576,4,96.16580953343166,56.340353137344465,2265.221960845857,23.21600739858846,72,2
24.242042596768588,4,90.560958726329,62.62851863217586,2389.2449091577028,16.604204793944152,75,2
25.902567669026137,4,128.07846762010655,77.07679699198016,2498.1055030158204,16.449126203397707,74,1
27.94921318247772,4,117.61202170506247,77.6981787348285,2681.9479292884253,15.15903541479792,79,1
25.534420320558343,4,116.3193604241806,95.42426663877161,2262.766811803608,15.44090362632025,77,1
17.97824507215041,8,296.45755791964126,136.23660051889902,3531.571574309111,10.920841976185834,70,1
27.44656379154592,4,156.92630437885543,93.93430598104938,3048.7253519261385,17.50251390518564,82,1
32.488922422647356,4,94.85090717248133,67.23585574930911,2066.9301181956216,17.677052027790392,82,3
22.69241556595169,6,201.5869682860699,92.5056029766083,2906.7663411682383,16.455698695070325,74,1
18.11039806685842,6,226.38316951196074,85.01666698785598,3353.3069969568805,19.21309789471142,80,1
25.04647719515309,4,110.63361180584961,91.64794573896462,2408.384609078387,15.111926670748012,74,3
21.936153139002293,4,147.68483684877168,91.93030491068669,3082.8104866552203,20.565308497912145,82,1
17.695525995036498,6,169.4872422810855,96.48690032501369,2889.8563806493685,14.332995055425707,75,1
36.0397844677919,4,102.23628924782335,71.30788238235809,1883.8384673828925,15.409895136106252,82,2
31.048141661842934,4,87.50566488515335,60.4128648277142,1996.6062125745807,14.397948294925115,79,2
13.661704224810698,8,312.68419560542014,149.55937507450875,4352.500824150893,14.47873183518816,73,1
27.12492559326784,4,94.92221706798485,65.17365175170885,2152.565085862325,18.188422297608128,72,2
16.050527416337015,8,320.6817763413572,149.60270623716235,4503.253716529908,15.052055660489884,75,1
39.880020783845374,4,79.79608572108847,55.61793676105606,1713.045078361432,16.702539157076625,81,3
24.47187009174301,4,119.09974206190716,92.22548177478136,2121.0206091633722,15.469105784766601,70,3
21.609529423211356,6,224.22445051717392,103.21843038991976,3338.3573840582717,15.576981178019613,78,1
22.278873401822423,6,224.66938187990922,91.38229963673342,3188.0234206019013,15.055230647374897,76,1
18.50120282580729,6,231.32626959160052,90.56033217143192,3351.044573552736,18.297608119977063,79,1
16.770291324846152,8,353.7527077179922,147.55706606997384,4320.835541527706,14.900277137053353,79,1
19.34914063180944,8,306.6645186241541,136.85120190933554,3752.0205268297145,12.928041102393692,78,1
11.043320440657343,8,379.9266843763375,171.80443444845497,4927.219319729111,11.586380781351416,71,1
32.5859730023169,4,119.86686858107966,75.93561777493797,2597.137550210879,16.978357216165282,80,3
24.760938336523317,6,141.73721922940982,116.23768772722718,2917.632629258757,13.753293171029632,81,3
13.531472461506421,8,392.0629055950168,161.9642980234305,4768.317127884652,11.87631128847532,71,1
18.496241365445513,6,218.93986068619134,90.82970070546293,3473.9035502814127,19.078374033637303,80,1
14.015000527295735,8,354.44692586935093,155.73331552979656,4365.67488922153,12.113733755000421,72,1
18.78317417325972,8,314.90539816281614,136.62296054175002,3902.657669589002,15.405675871783929,79,1
14.956210963208974,8,356.1578660501019,146.00367244468057,4834.293035279274,14.53117067857176,75,1
19.03469079403719,4,130.89812764220898,90.39867916702069,2298.69558177448,16.50551683879498,72,1
13.89075958808378,8,307.85005881321894,155.3911240165169,3821.5366444463275,13.058074449998239,72,1
29.06577999816754,4,69.28136916756142,58.01182373096231,2067.774048704711,15.366655637151519,74,2
17.461136575075777,8,305.2322370669899,131.34511146377687,3537.9892731478135,12.42854923404299,70,1
17.53584734238583,6,238.00241570669726,104.63483836171831,2832.3820772650956,15.283963190616845,73,1
18.017492825255303,6,218.50826642495082,85.73228649416568,3401.202284702609,16.822724718514213,81,1
38.01294669674102,4,94.29006932333067,69.08120456124121,2231.7645103132677,16.169725200733918,82,3
30.460197789523093,4,88.35148199882926,64.19766027413662,1701.9167043554507,15.548054349711409,80,2
32.98802814813565,4,74.33595570412692,76.7306862921916,1963.5370411301328,14.411710831132257,79,3
24.26457915823244,4,158.7979372964891,96.95589945193282,2553.1003923181443,16.384550352505105,78,1
26.92223742862277,8,358.65186567666024,103.32018704085242,3718.1469258539755,18.629622319157658,81,1
30.596161260274876,4,89.79952766728445,73.66182149412563,1996.8729893370808,14.751400322577615,77,2
18.361105175623635,3,64.62774499354394,91.29381064564494,2278.2005490263664,12.953450977758626,72,3
25.819451102467465,4,100.23491316524878,78.27757949167093,2124.6241881744145,18.965586615058474,72,2
21.828383397546386,6,147.7379761329457,86.90282455238439,2862.07577632497,13.338813150320512,77,3
11.681096581119853,8,380.3691137341955,168.1114925343484,4961.103468912035,11.883180997033804,71,1
18.459942196304056,6,248.84603298351448,94.32930007143817,3236.1870506195173,15.45137145500492,71,1
28.536772407219434,4,102.42777146163638,82.99156656200894,2164.935846219939,16.188172003936966,74,2
18.19929925826402,6,247.8019747341212,85.59867839283814,3288.8830221663843,15.970455089767912,71,1
13.208356605473709,8,312.7864836775149,133.80587741898495,3891.104185434287,14.682706418563486,73,1
34.37558201417582,4,113.39227549157437,71.23756952351636,2027.7575469738476,12.905399002030421,79,1
26.28189641711998,4,128.88204851065478,71.96623377756057,2743.463651948137,15.018045784397117,79,1
23.43709059456376,4,106.66290491347853,90.48622513144664,2466.7660252855085,14.582134972153051,70,2
38.13952741716282,4,81.26654700483846,63.17733442234121,2032.938713635354,17.664490583958415,81,3
36.24341496714179,4,114.25255420837533,71.38586273052107,2201.672350887063,14.743494026693512,82,3
30.56434954315319,4,118.45467490053286,77.3644608066123,2507.7824476089754,16.60285004680167,80,3
32.90249130136656,4,77.06665144998954,60.33478150479904,1556.2217321474004,15.48857721169801,74,3
34.936895572139356,4,104.8409047357491,91.8454851931327,2388.7228033349543,18.03837876319252,82,1
18.787539587004026,6,233.4656485244916,103.79134586423955,2821.7977558404946,16.37028318058226,73,1
25.84614993796573,4,136.63816933010722,89.42163411424522,2666.657029545485,15.044117292325504,78,1
32.37506319720034,4,96.69020837307934,72.78729472906753,2298.7859550374787,16.497519566967267,80,1
19.326136658319754,8,297.4975701245027,139.53932862933343,3435.3485482970755,12.68055196650868,78,1
16.81482802736815,8,317.5450993883825,146.50164889094327,4085.3869367381058,13.184245162245738,78,1
15.471849894473026,8,308.34730384129085,140.28229637958026,4231.3404248230145,11.962482916190783,72,1
14.836820170987409,8,396.9952200625039,153.96124752559285,3846.761080859927,9.643188934205575,70,1
21.527500038822268,6,199.0563825203906,85.77378147149078,2601.1683877494092,16.458579672465163,70,1
21.33400788963532,4,132.20525814711323,79.55268823043487,2641.1307871139884,16.897907752487768,75,1
27.0145614176636,4,96.26131401028529,87.8166404722048,2181.4346073654933,13.925842313753936,71,3
37.99139326210528,4,80.6921889224389,58.80785610051932,2122.029400714774,17.847077847719085,81,3
16.02994882771514,8,353.9277512500054,139.67972834113345,3916.697702296282,13.93129257512926,79,1
25.91300106798835,4,103.31697217165288,90.26990482688652,2266.89504979801,16.62648102233113,76,1
30.601607668336104,4,94.70556173176632,58.44890612274889,1914.566526915665,17.106142569669156,77,1
20.588891132966697,6,224.7805618835324,108.6694613152279,3211.570568956256,16.35218952075355,79,1
18.033366825258387,6,252.18011256158445,119.88011710546225,3498.130269881265,15.548787024840841,78,1
10.960475331501703,8,404.75114410221596,150.43497798588805,5065.37888050534,13.979036268522158,73,1
27.978227493194886,4,95.70799090844329,58.194488661184984,1794.884289756585,17.936475703083016,71,2
32.9133747960809,4,116.00452899589183,71.5449414300512,2213.2686147219842,16.83492002615985,81,3
12.529693608923225,8,315.12466126738843,154.3839974075867,4016.0070386457683,14.434446790386914,72,1
29.065824357348816,4,81.99855824302385,75.23031272972612,1943.9737205538293,13.831621419486249,71,2
26.812260913527602,4,92.52563031815995,68.14976243911059,2248.986494766369,18.326925656335895,72,2
30.74295201840444,4,132.90121213586235,83.57881072563666,2775.3041093016673,15.203781816546783,80,3
19.88455677999123,8,264.4433984457914,107.38362425846294,3264.977468905635,12.800271111254531,75,1
19.607066563559123,4,121.49890457369422,83.88886942474512,2493.1846423099387,18.50958182245104,73,1
27.84252888304699,4,122.02720876222281,73.36172298063167,2768.6801137110892,15.697075084098456,79,1
13.288740643065303,8,403.5484657730323,187.8191064617428,4406.5065071284325,13.533424419860241,72,1
28.850084496603337,4,102.01710989839327,83.07695894349392,2269.175160504672,17.235596256788078,74,2
29.182131514364787,4,126.69511697406288,91.89217156473796,2703.1052177549163,16.222687384944248,80,3
19.168765424525983,6,236.63932431877268,99.60206724737468,3679.120003350342,19.154434774306004,78,1
19.566718493722558,6,209.38099658923468,82.82615600024224,3101.0011875574573,16.093778219230607,78,1
31.768029887224102,4,107.39308537662303,73.12878166425067,2204.096704653314,17.533887979443726,80,3
18.36204710697969,8,309.8647309990537,148.5208882723636,3848.3958732136043,12.432929760798977,77,1
13.660551305591756,8,306.88315465723554,132.09768317935172,3901.8160622627915,14.745699477419569,76,1
13.290711013533832,8,316.0038952274857,152.86735487395964,3785.6016314098706,14.676456275071484,76,1
22.552529367704814,3,68.0013904832422,93.1648519913449,2398.170042736649,12.920433566316495,80,3
23.93969400508048,4,117.735793574269,65.62428442581017,2055.8800541833048,14.928700572360937,73,2
21.599266646219817,4,112.7591833898494,115.07664830416851,2778.7774039923584,16.153316204393324,78,2
11.139149375584333,8,347.97285392401903,170.51270551524584,4479.415047473022,12.541992704189683,73,1
14.208481024698608,8,340.9300866291256,148.4404009527942,4141.457856276546,13.016257064451093,71,1
17.58469284405281,6,172.44314582066164,101.78931367522952,3027.6075156050288,14.102275936316941,75,1
38.33708292255179,4,94.4837782338934,66.75009380846656,1920.0713426516286,16.514322530357546,82,3
10.968885515686225,8,427.2207403909711,204.12331951122658,4675.572437564605,10.652599362318803,72,1
32.27544678715642,4,105.63934589054152,72.74796435668397,2221.0948465003976,14.99375672637802,80,3
24.855293178506216,4,106.31525265320514,88.78482453168901,2643.915104473485,17.41507863017813,70,2
19.991668917772763,6,234.4983969702869,101.66403953453404,3106.5206111778916,16.661224150992368,75,1
34.19800062218663,4,94.79631873557892,69.06363824169419,2108.392837660613,12.574510038396822,79,1
35.777864592111094,4,120.58194134881381,94.60093035739746,2258.6460680418722,15.244765099002917,82,3
18.00501638238959,3,63.755743636043576,88.92973213447891,2109.2074195350524,12.598850757299306,73,3
27.704759740157044,4,114.03793654722287,70.95189589820231,2227.56820954008,13.659994660245522,74,2
15.136671852270892,8,304.3966645657402,138.2986977281443,4194.228210637195,13.451342518936773,74,1
19.7357346914385,4,113.91419207201493,83.66341732307754,3145.785315733394,21.970798420513635,76,2
17.392429068678336,6,241.4762616055447,97.80741038410679,3514.3267284338917,16.802969398337407,75,1
14.927265883662075,8,384.0189544175492,192.56230283452535,3847.6783967496594,7.639622387168301,70,1
29.921108828855598,4,100.90676133907947,68.97966313520257,2345.76727636752,21.31599464011967,81,1
12.913593240409746,8,327.74190712322553,148.28960124824334,3893.6562083784147,13.733286727093482,76,1
30.935597078793844,4,79.54306011662234,68.95901858042016,2007.9266588892856,19.792237474232753,71,2
18.665675267186458,8,303.77343987856557,134.54873629982012,3184.4568269729393,10.974368628659835,78,1
34.40207557458328,4,109.60476622076891,73.59273999105316,2224.644688367307,17.307319489901733,80,3
27.830612303571588,4,148.83083412883485,83.46091957072228,2497.147089842275,17.066859141088013,79,1
30.271152670836297,4,135.03570950090338,95.35507275024477,2597.7466535978497,15.241253339285107,80,3
14.590040448148349,8,319.4775307021829,151.73852042483685,3682.26184138234,13.03920823292367,73,1
13.793605478290834,8,449.0417182840449,225.93160607409496,3174.377274218752,9.692056120403116,70,1
13.951352527983456,8,349.64397786268495,145.24668621350128,3918.7396019785583,14.786441206338706,79,1
21.315277766344693,6,196.6033922179147,82.61467791712514,2770.021670550262,15.468690100854943,78,1
17.258439377526393,6,215.93726599938884,113.34582451671753,3545.336991917357,16.305709313285988,74,1
25.699945963560598,3,67.49686481339825,99.60180420115141,2411.632675181511,12.34628304913346,80,3
24.547415589128427,8,255.66880722441192,92.56430763812695,3398.89831485323,22.70072216644727,79,1
29.554606187386476,4,90.31452122651143,73.53833650179624,2175.0131382032814,15.139008294549436,71,2
13.803263578119454,8,319.86053499761476,153.01795237091636,3711.865530247628,14.533313522365038,76,1
28.02044045107264,4,95.34899335176574,71.78108743657616,1775.0880721892734,14.269655379647116,75,2
29.55545415742118,4,101.60743339428,62.707382209245814,2032.5729486804605,17.9580419263708,77,3
14.423074361129554,8,397.08103064866185,184.99165330988106,4123.5413462051,11.318922565691748,77,1
13.483355312112062,6,263.34151681444314,75.12068827735132,3423.7585843331785,20.845954836472494,75,1
14.607291750329606,8,321.97574677531173,146.1603466441756,4025.8089948479446,14.611413605409755,72,1
34.26999962046333,4,104.03900136377548,69.92298769239403,2129.092372207206,13.043873606645835,79,1
38.966865779810014,4,78.83873032797207,85.46771120604991,1905.245826416676,17.906195322728685,80,2
14.081229368810874,8,296.43514150705755,140.19373183697323,3880.2389086218113,14.681103952024968,76,1
25.377852749169737,4,78.91914347398934,52.9639768228534,2045.722604525249,15.46788792816519,74,2
21.2077925907304,6,238.95285929035833,112.40207682443025,3268.1773110294594,15.775557157117452,79,1
13.267838178077696,8,324.9805704054929,142.41240023177767,4265.61961667786,13.260711021659343,72,1
25.709786414532605,4,100.61167102755711,84.29539406516285,2130.4896493787674,20.010380588805315,71,1
31.079679364518245,4,68.97865847677267,64.6744433071268,1972.9678730900282,20.826194429618436,74,3
41.9475077517486,4,98.60779291965119,78.84236368953934,2072.881912668089,14.694191595402156,80,2
14.020847541033486,6,252.41703617268374,105.71042061626713,3256.6032856987117,17.095133491685992,74,1
26.90648882076652,4,111.09209793336676,87.60353997167192,2665.3221727562477,19.04840962906221,82,1
10.963376482790945,8,398.0387487259723,168.85307519168617,4892.656390371794,12.865322792065585,73,1
14.284510298253824,8,400.9809418002103,190.32912243236228,4282.7437517111775,11.938157425062911,77,1
21.204187990131935,6,156.71861581895908,112.97721424753902,2444.152329665832,13.740526628501616,73,1
23.03962483636804,8,348.94186520907317,127.3448927248295,4005.32316825418,17.18288544264794,79,1
22.640424084605314,4,118.51153644606339,90.90878713173109,2947.7867338918804,16.987161965095485,75,2
20.87797933070547,6,227.82623825857647,99.63191912482115,3004.0250864882073,15.871799113376097,73,1
30.2333243121962,4,105.27734165011472,75.32382037895306,2147.482792521766,17.658743350392513,80,3
16.690896997199175,8,296.18387919077315,134.9567856107652,4239.355507085698,13.072030912578459,76,1
14.601247697197683,8,348.5007512594057,174.12652905908305,4081.9988917703026,12.18617024398199,77,1
37.50625618265019,4,85.92903686769924,63.13372623887559,2011.4431939906117,16.52991359268477,80,3
16.904111187063396,6,251.39183706553297,93.0829737447752,3281.722517978975,18.16198344511477,73,1
10.63362708280995,8,356.6308511768236,218.35715113382676,4487.346187438342,14.380113741248875,70,1
31.554565828756612,4,113.26663105073935,90.47658696588685,2598.8780960262384,16.394676941833257,82,1
16.25817090883384,8,316.8394046272552,148.919444557112,4635.189327694643,14.411627587016529,75,1
17.935460085704076,6,256.27926745644834,96.20513284893401,3360.9659371534867,14.31158087575689,71,1
20.13901832656673,6,236.01210258718214,99.79248825274094,2795.614031461901,16.127010247152832,75,1
11.474744588749,8,406.894852462763,154.56458902393058,5062.718602188012,14.270899550037013,73,1
8.730203684479113,8,320.22233619161227,185.2929016353231,4838.275986691551,18.15122457906026,70,1
30.580677186662125,4,123.01103223362739,62.957678178517625,2430.4906873706186,16.66806601808123,80,3
32.13634832606134,4,128.36307454487925,84.039535802787,2447.866310837783,15.177083956005259,81,3
13.249629477394917,8,401.041287493329,175.72169699844522,4505.706531604945,11.07183768736821,71,1
31.547832184218233,4,94.0520312985598,76.80654919845468,1991.0619424186045,17.738303939502607,82,3
13.81117690351414,8,319.20004291199155,151.6687294184254,4103.392531734181,14.115167608432238,76,1
21.833316363502014,6,226.93762241550917,112.62896533886627,3455.4862575938228,15.577905000431976,81,1
26.689243279920422,4,92.36282931526354,69.66390881122791,1983.505545522105,21.251648136393985,71,1
17.975887929696448,6,244.09069750601344,99.78455886815969,3441.8268036112004,16.50576686342985,75,1
26.303732854505174,4,97.96827483464241,51.534721428834025,1990.9838498032254,20.64188750738578,73,2
19.457731740018055,6,227.09175804617283,92.6900079981686,3231.9221798699946,17.98760099728775,78,1
25.484245279855696,4,105.15227205854042,80.5824390368002,2673.9391181168603,18.305418568678267,82,1
13.2261758307786,8,353.69748045628455,174.0687640857534,3956.130611444913,12.446299899553615,73,1
